EstacaoCodigo,NivelConsistencia,Data,TipoMedicaoChuvas,Maxima,Total,DiaMaxima,NumDiasDeChuva,MaximaStatus,TotalStatus,NumDiasDeChuvaStatus,TotalAnual,TotalAnualStatus,Chuva01,Chuva02,Chuva03,Chuva04,Chuva05,Chuva06,Chuva07,Chuva08,Chuva09,Chuva10,Chuva11,Chuva12,Chuva13,Chuva14,Chuva15,Chuva16,Chuva17,Chuva18,Chuva19,Chuva20,Chuva21,Chuva22,Chuva23,Chuva24,Chuva25,Chuva26,Chuva27,Chuva28,Chuva29,Chuva30,Chuva31,Chuva01Status,Chuva02Status,Chuva03Status,Chuva04Status,Chuva05Status,Chuva06Status,Chuva07Status,Chuva08Status,Chuva09Status,Chuva10Status,Chuva11Status,Chuva12Status,Chuva13Status,Chuva14Status,Chuva15Status,Chuva16Status,Chuva17Status,Chuva18Status,Chuva19Status,Chuva20Status,Chuva21Status,Chuva22Status,Chuva23Status,Chuva24Status,Chuva25Status,Chuva26Status,Chuva27Status,Chuva28Status,Chuva29Status,Chuva30Status,Chuva31Status..................................,
2651023,1,1/9/1975,1,70.4,276.5,12,17,1,1,0,,0,0.8,0.1,0,0,0,0,14,16.8,0,5.6,52,70.4,0.6,0,2.2,0,16.8,0.2,0,0,11.4,25,12,0,0,0,6.6,9,0,33,,1,1,1,1,1,1,1,1,1,1,1,1,1,1,1,1,1,1,1,1,1,1,1,1,1,1,1,1,1,1,0,..
2651023,1,1/10/1975,1,74.6,218.6,2,12,1,1,0,,0,0,74.6,43.4,0,8.6,4.6,1.2,7,0,26.6,1.2,0,0,8.8,0,0,0,0,0,6.8,0,0,0,0,0,0,0,0,0,23.2,12.6,1,1,1,1,1,1,1,1,1,1,1,1,1,1,1,1,1,1,1,1,1,1,1,1,1,1,1,1,1,1,1,.
2651023,1,1/11/1975,1,45.4,272.2,23,14,1,1,0,,0,35.2,37,0,0.2,0,28.2,0,0,19,4.2,0,0,0,0,0,0,5,11.8,2.4,0,28,0,45.4,25.4,29.2,0,0,0,0,1.2,,1,1,1,1,1,1,1,1,1,1,1,1,1,1,1,1,1,1,1,1,1,1,1,1,1,1,1,1,1,1,0,..
2651023,1,1/12/1975,1,46.2,229.7,8,19,1,1,0,,0,4.8,18.4,36.2,15.5,4.4,41,8,46.2,17.2,0,0,0,1,16.4,0,0,0,0,2,9,0,0,0,0.4,5,1.2,1.4,1,0,0,0.6,1,1,1,1,1,1,1,1,1,1,1,1,1,1,1,1,1,1,1,1,1,1,1,1,1,1,1,1,1,1,1,.
2651023,1,1/1/1976,1,27.2,167,26,17,1,1,0,1739.900024,1,8,0,4.8,0,0,0,8.6,0,1,12.2,7,8.2,0,0,5.4,26.4,0,0,6,4.4,3,0,0,0,0.2,27.2,24,19.8,0.8,0,0,1,1,1,1,1,1,1,1,1,1,1,1,1,1,1,1,1,1,1,1,1,1,1,1,1,1,1,1,1,1,1,
2651023,1,1/2/1976,1,41.9,128.6,18,12,1,1,0,1739.900024,1,10,10.4,0,0,0,4,0.2,0,0,10,0,0,0,0,0,0,0,41.9,9.4,4.5,4.6,7.2,0,20.4,0,0,0,6,0,,,1,1,1,1,1,1,1,1,1,1,1,1,1,1,1,1,1,1,1,1,1,1,1,1,1,1,1,1,1,0,0,..
2651023,1,1/3/1976,1,40,152.7,4,10,1,1,0,1739.900024,1,0,0,5.2,40,5,0,0,0,13.6,10,0,0,0,10.3,0,0,0,6.8,26.8,0,24,0,0,0,0,0,11,0,0,0,0,1,1,1,1,1,1,1,1,1,1,1,1,1,1,1,1,1,1,1,1,1,1,1,1,1,1,1,1,1,1,1,
2651023,1,1/4/1976,1,36.2,97.7,10,7,1,1,0,1739.900024,1,0,0,0,0.5,0,26,0,0,16.8,36.2,0,0,0,0,1.8,0,0,0,0,8.6,0,0,0,0,0,0,0,0,0,7.8,,1,1,1,1,1,1,1,1,1,1,1,1,1,1,1,1,1,1,1,1,1,1,1,1,1,1,1,1,1,1,0,.
2651023,1,1/5/1976,1,60.8,152,29,15,1,1,0,1739.900024,1,0,0,0,0,0,0,0,8,1,13.4,6,0,0,1.6,1.8,0,0,3,2,0,0.8,9.8,1,0,8,0,18,16.8,60.8,0,0,1,1,1,1,1,1,1,1,1,1,1,1,1,1,1,1,1,1,1,1,1,1,1,1,1,1,1,1,1,1,1,
2651023,1,1/6/1976,1,77.4,147.9,5,12,1,1,0,1739.900024,1,0,0,1,2,77.4,14.6,0,0,9.8,10.7,6.6,0,1,15.2,0,0,3.8,0.8,0,0,0,0,0,0,0,0,0,5,0,0,,1,1,1,1,1,1,1,1,1,1,1,1,1,1,1,1,1,1,1,1,1,1,1,1,1,1,1,1,1,1,0,.
2651023,1,1/7/1976,1,54.8,127.2,28,9,1,1,0,1739.900024,1,0,0,1.6,0,0,0.8,3.6,26.9,0,6.2,0,0,0,7.4,0.9,0,0,0,0,0,0,0,0,0,0,0,25,54.8,0,0,0,1,1,1,1,1,1,1,1,1,1,1,1,1,1,1,1,1,1,1,1,1,1,1,1,1,1,1,1,1,1,1,
2651023,1,1/8/1976,1,42.4,148.9,19,6,1,1,0,1739.900024,1,0,0,0,4.2,31.9,0,0,0,32,37.2,0,1.2,0,0,0,0,0,0,42.4,0,0,0,0,0,0,0,0,0,0,0,0,1,1,1,1,1,1,1,1,1,1,1,1,1,1,1,1,1,1,1,1,1,1,1,1,1,1,1,1,1,1,1,
2651023,1,1/9/1976,1,38.7,130.9,5,9,1,1,0,1739.900024,1,0,0,0,17.2,38.7,7,24.6,7.8,0,0.6,0,22.8,10.2,2,0,0,0,0,0,0,0,0,0,0,0,0,0,0,0,0,,1,1,1,1,1,1,1,1,1,1,1,1,1,1,1,1,1,1,1,1,1,1,1,1,1,1,1,1,1,1,0,.
2651023,1,1/10/1976,1,39.6,176.8,17,10,1,1,0,1739.900024,1,8.2,0,0,0,22.2,0,0,0,5.4,0,0,10,0,0,0,0,39.6,30.2,12.2,0,0,0,0,0,0,12,0,0,3.2,0,33.8,1,1,1,1,1,1,1,1,1,1,1,1,1,1,1,1,1,1,1,1,1,1,1,1,1,1,1,1,1,1,1,
2651023,1,1/11/1976,1,40,150.4,6,8,1,1,0,1739.900024,1,9.2,0,0,39.2,28.6,40,0,0,0,0,0,0,0,0,0,0,0,0,0,0,12.2,0,0,0,0,0,6,0,7.8,7.4,,1,1,1,1,1,1,1,1,1,1,1,1,1,1,1,1,1,1,1,1,1,1,1,1,1,1,1,1,1,1,0,.
2651023,1,1/12/1976,1,35.4,159.8,16,9,1,1,0,1739.900024,1,22.2,17.8,0,0,4,0,0,23.8,0,0,0,0,0,0,0,35.4,0,0,0,0,4,0,0,14.2,0,0,24,14.4,0,0,0,1,1,1,1,1,1,1,1,1,1,1,1,1,1,1,1,1,1,1,1,1,1,1,1,1,1,1,1,1,1,1,
2651023,1,1/1/1977,1,100.6,334.7,31,18,1,1,0,1980.800049,1,0,0,8,28.4,22.6,18.6,0,3,23,4.8,10.2,5.2,41.4,0,10,0,6.4,16,12.3,5.8,0,0,0,0,0,7.4,0,11,0,0,100.6,1,1,1,1,1,1,1,1,1,1,1,1,1,1,1,1,1,1,1,1,1,1,1,1,1,1,1,1,1,1,1,
2651023,1,1/2/1977,1,22.2,157.6,23,13,1,1,0,1980.800049,1,21.8,0,21.7,5.3,0,7.6,0,10.6,8.6,4.8,6,0,0,12.4,11.6,13,0,0,0,0,0,0,22.2,0,0,0,12,0,,,,1,1,1,1,1,1,1,1,1,1,1,1,1,1,1,1,1,1,1,1,1,1,1,1,1,1,1,1,0,0,0,...
2651023,1,1/3/1977,1,43.2,276.6,27,17,1,1,0,1980.800049,1,0,16.2,6.2,41.6,0.6,0,17.8,33.4,6.2,0,0,0,0,0,13.2,22.6,0,0,0,0,5.6,5,1.8,0,0,0,43.2,5,42.2,7.2,8.8,1,1,1,1,1,1,1,1,1,1,1,1,1,1,1,1,1,1,1,1,1,1,1,1,1,1,1,1,1,1,1,
2651023,1,1/4/1977,1,22.8,93.1,9,11,1,1,0,1980.800049,1,8.8,0,1,4.4,6,0,0,0,22.8,10,0,0,0,0,0,0,0,10.8,0,7.2,14.2,2,5.9,0,0,0,0,0,0,0,,1,1,1,1,1,1,1,1,1,1,1,1,1,1,1,1,1,1,1,1,1,1,1,1,1,1,1,1,1,1,0,.
2651023,1,1/5/1977,1,18,31.8,16,3,1,1,0,1980.800049,1,0,0,0,0,0,0,0,0,0,0,0,0,0,0,0,18,0,0,0,0,0,0,0,0,0,0,5,0,0,8.8,0,1,1,1,1,1,1,1,1,1,1,1,1,1,1,1,1,1,1,1,1,1,1,1,1,1,1,1,1,1,1,1,
2651023,1,1/6/1977,1,76.6,175,20,8,1,1,0,1980.800049,1,0,0,0,0,0,0,0,0,0,0,0,0,0,0,3.6,12.4,0,0,0,76.6,17.6,30.6,2.6,3.4,28.2,0,0,0,0,0,,1,1,1,1,1,1,1,1,1,1,1,1,1,1,1,1,1,1,1,1,1,1,1,1,1,1,1,1,1,1,0,.
2651023,1,1/7/1977,1,35.9,94.7,16,5,1,1,0,1980.800049,1,0,0,0,0,0,0,0,0,0,0,0,0,0,0,1.4,35.9,0,0,0,0,0,26.6,0,28.8,2,0,0,0,0,0,0,1,1,1,1,1,1,1,1,1,1,1,1,1,1,1,1,1,1,1,1,1,1,1,1,1,1,1,1,1,1,1,
2651023,1,1/8/1977,1,34.2,161.2,17,14,1,1,0,1980.800049,1,6.8,18.4,0,0,0,0,0,0,1.6,0,0,0,0,2.8,9,17.8,34.2,19.4,0,0,0,0,0,12.5,1.7,0,1.6,1.2,0,16.6,17.6,1,1,1,1,1,1,1,1,1,1,1,1,1,1,1,1,1,1,1,1,1,1,1,1,1,1,1,1,1,1,1,
2651023,1,1/9/1977,1,50,102,17,11,1,1,0,1980.800049,1,4.8,0.5,0,0,0,0,0,12.5,0,0,0,0,0,0,0,10.2,50,3.6,11.4,1,0.6,0,0,1.6,0,0,0,0,0,5.8,,1,1,1,1,1,1,1,1,1,1,1,1,1,1,1,1,1,1,1,1,1,1,1,1,1,1,1,1,1,1,0,.
2651023,1,1/10/1977,1,42.4,166.3,17,12,1,1,0,1980.800049,1,27.3,15.4,0,0,0,0,0,2.2,0,0,0,10.4,19.7,15.1,0,14,42.4,4.8,0.4,0,0,0,0,0,0,1.6,13,0,0,0,0,1,1,1,1,1,1,1,1,1,1,1,1,1,1,1,1,1,1,1,1,1,1,1,1,1,1,1,1,1,1,1,
2651023,1,1/11/1977,1,47.2,165.6,11,10,1,1,0,1980.800049,1,39,7.1,0,0,0,15,15.1,0,0,2.6,47.2,15.2,0,0,2.4,0,0,0,0,0,0,0,0,10,0,0,0,12,0,0,,1,1,1,1,1,1,1,1,1,1,1,1,1,1,1,1,1,1,1,1,1,1,1,1,1,1,1,1,1,1,0,.
2651023,1,1/12/1977,1,50.8,222.2,11,10,1,1,0,1980.800049,1,0,15.1,23.2,49.9,0,0,13.8,19.6,0,0,50.8,0,14,6.6,0,0,0,0,0,0,0,15,14.2,0,0,0,0,0,0,0,0,1,1,1,1,1,1,1,1,1,1,1,1,1,1,1,1,1,1,1,1,1,1,1,1,1,1,1,1,1,1,1,
2651023,1,1/1/1978,1,41.8,141.4,7,11,1,1,0,1410.199951,1,0,5.5,0,0,0,0,41.8,0.8,0,0,0,0,0,11.2,0,0,0,7.2,13.2,7.4,16.8,3.6,0,0,0,0,31.1,2.8,0,0,0,1,1,1,1,1,1,1,1,1,1,1,1,1,1,1,1,1,1,1,1,1,1,1,1,1,1,1,1,1,1,1,
2651023,1,1/2/1978,1,23.6,56.6,5,6,1,1,0,1410.199951,1,0,3.2,0,0,23.6,3,0,0,0,0,0,17.2,0,0,0,0,0,0,0,0,8.4,0,0,1.2,0,0,0,0,,,,1,1,1,1,1,1,1,1,1,1,1,1,1,1,1,1,1,1,1,1,1,1,1,1,1,1,1,1,0,0,0,...
2651023,1,1/3/1978,1,69.5,164.5,11,9,1,1,0,1410.199951,1,0,14.8,40.4,0,0,0,7,0,0,0,69.5,11.8,0,0,0,1.6,0,0,0,0,0,0,0,4.6,0,3.4,11.4,0,0,0,0,1,1,1,1,1,1,1,1,1,1,1,1,1,1,1,1,1,1,1,1,1,1,1,1,1,1,1,1,1,1,1,
2651023,1,1/4/1978,1,1,1,20,1,1,1,0,1410.199951,1,0,0,0,0,0,0,0,0,0,0,0,0,0,0,0,0,0,0,0,1,0,0,0,0,0,0,0,0,0,0,,1,1,1,1,1,1,1,1,1,1,1,1,1,1,1,1,1,1,1,1,1,1,1,1,1,1,1,1,1,1,0,.
2651023,1,1/5/1978,1,66.5,81.9,16,4,1,1,0,1410.199951,1,5,0,0,0,0,0,0,0,0,0,0,0,0,0,0,66.5,3.2,0,0,0,7.2,0,0,0,0,0,0,0,0,0,0,1,1,1,1,1,1,1,1,1,1,1,1,1,1,1,1,1,1,1,1,1,1,1,1,1,1,1,1,1,1,1,
2651023,1,1/6/1978,1,12.7,44.9,21,7,1,1,0,1410.199951,1,0,0,0,0,0,0,0,11.8,0,0,0,0,0,0,0,0,8,9,1.2,1.4,12.7,0.8,0,0,0,0,0,0,0,0,,1,1,1,1,1,1,1,1,1,1,1,1,1,1,1,1,1,1,1,1,1,1,1,1,1,1,1,1,1,1,0,.
2651023,1,1/7/1978,1,48,196.1,18,9,1,1,0,1410.199951,1,0,0,9.8,0,0,0,0,0,0,0,0,0,0,0,19.8,21.6,0,48,0,26.6,23.6,34.7,1,11,0,0,0,0,0,0,0,1,1,1,1,1,1,1,1,1,1,1,1,1,1,1,1,1,1,1,1,1,1,1,1,1,1,1,1,1,1,1,
2651023,1,1/8/1978,1,22.8,63.2,12,5,1,1,0,1410.199951,1,0,0,0,0,0,0,0,0,0,0,12,22.8,13.8,0,0,0,0,0,0,0,11,0,0,0,0,0,0,0,0,3.6,0,1,1,1,1,1,1,1,1,1,1,1,1,1,1,1,1,1,1,1,1,1,1,1,1,1,1,1,1,1,1,1,
2651023,1,1/9/1978,1,39.5,106.2,15,8,1,1,0,1410.199951,1,0,0,3,36,6.8,0,3,13.4,1.7,0,0,0,0,0,39.5,0,0,0,2.8,0,0,0,0,0,0,0,0,0,0,0,,1,1,1,1,1,1,1,1,1,1,1,1,1,1,1,1,1,1,1,1,1,1,1,1,1,1,1,1,1,1,0,.
2651023,1,1/10/1978,1,57,119,19,8,1,1,0,1410.199951,1,0,0,8.6,0,0,0,0,0,0,0,1.9,0,0,36,0,1,0,0,57,0,0,0,0,0,0,0,7.8,0,0,4.5,2.2,1,1,1,1,1,1,1,1,1,1,1,1,1,1,1,1,1,1,1,1,1,1,1,1,1,1,1,1,1,1,1,
2651023,1,1/11/1978,1,48.8,259.3,21,15,1,1,0,1410.199951,1,10,20.4,0,7.2,9.5,0,0,0,0,20.8,18.4,0,0,0,0,16.3,0,0,4.4,20.4,48.8,9,9,1,0,47,17.1,0,0,0,,1,1,1,1,1,1,1,1,1,1,1,1,1,1,1,1,1,1,1,1,1,1,1,1,1,1,1,1,1,1,0,.
2651023,1,1/12/1978,1,44.9,176.1,26,10,1,1,0,1410.199951,1,0,0,0,18.8,9.3,19,10,0,0,0,0,0,0,6.7,7.4,2.8,0,0,0,0,0,0,26.2,0,31,44.9,0,0,0,0,0,1,1,1,1,1,1,1,1,1,1,1,1,1,1,1,1,1,1,1,1,1,1,1,1,1,1,1,1,1,1,1,
2651023,1,1/1/1979,1,8.8,23.5,27,5,1,1,0,1943.800049,1,0,2.3,4,0,0,0,5.6,0,0,0,0,0,0,0,0,0,0,0,0,0,0,0,0,0,0,0,8.8,2.8,0,0,0,1,1,1,1,1,1,1,1,1,1,1,1,1,1,1,1,1,1,1,1,1,1,1,1,1,1,1,1,1,1,1,
2651023,1,1/2/1979,1,72.8,185,25,11,1,1,0,1943.800049,1,0,0,0,0,0,0,0,0,0.8,4.6,0,0,14.8,0,0,0,0,7.8,2.5,12.8,31.5,0,0,20,72.8,8.6,0,8.8,,,,1,1,1,1,1,1,1,1,1,1,1,1,1,1,1,1,1,1,1,1,1,1,1,1,1,1,1,1,0,0,0,...
2651023,1,1/3/1979,1,34.8,99.3,10,6,1,1,0,1943.800049,1,0,0,0,0,0,4,0,0,17.2,34.8,0,33,0,7.8,2.5,0,0,0,0,0,0,0,0,0,0,0,0,0,0,0,0,1,1,1,1,1,1,1,1,1,1,1,1,1,1,1,1,1,1,1,1,1,1,1,1,1,1,1,1,1,1,1,
2651023,1,1/4/1979,1,51,132.4,3,8,1,1,0,1943.800049,1,0,0,51,14.2,9.2,0,0,0,0,0,0,0,0,6.2,0,10.2,13.6,15.2,0,0,0,0,0,0,0,0,0,0,0,12.8,,1,1,1,1,1,1,1,1,1,1,1,1,1,1,1,1,1,1,1,1,1,1,1,1,1,1,1,1,1,1,0,.
2651023,1,1/5/1979,1,100,385.6,9,13,1,1,0,1943.800049,1,0,0,0,71,0,0,0,12.4,100,6,0,45.4,47,54,0,0,0,1.4,0,0,1.2,0,26.2,2,0,0,0,0,14.2,4.8,0,1,1,1,1,1,1,1,1,1,1,1,1,1,1,1,1,1,1,1,1,1,1,1,1,1,1,1,1,1,1,1,
2651023,1,1/6/1979,1,5.4,12.1,25,4,1,1,0,1943.800049,1,0,0,0,0,0,0,1.6,1.9,3.2,0,0,0,0,0,0,0,0,0,0,0,0,0,0,0,5.4,0,0,0,0,0,,1,1,1,1,1,1,1,1,1,1,1,1,1,1,1,1,1,1,1,1,1,1,1,1,1,1,1,1,1,1,0,.
2651023,1,1/7/1979,1,26.5,105.6,26,9,1,1,0,1943.800049,1,0,0,17.2,0,0,2.8,0,26.2,4.5,2.8,0,0,0,0,2.2,0,0,0,0,0,22.4,0,0,0,0,26.5,1,0,0,0,0,1,1,1,1,1,1,1,1,1,1,1,1,1,1,1,1,1,1,1,1,1,1,1,1,1,1,1,1,1,1,1,
2651023,1,1/8/1979,1,22.8,69.3,15,6,1,1,0,1943.800049,1,0,0,0,0,0,3.3,0,0,0,0,0,2.4,0,0,22.8,0,6.6,21.6,0,0,0,0,0,0,0,12.6,0,0,0,0,0,1,1,1,1,1,1,1,1,1,1,1,1,1,1,1,1,1,1,1,1,1,1,1,1,1,1,1,1,1,1,1,
2651023,1,1/9/1979,1,54.8,181.2,14,7,1,1,0,1943.800049,1,0,21.2,0,0,0,0,0,0,0,2.6,46,0,0,54.8,0,0,0,0,0,0,0,32,0,0,0,0,0,0,20.4,4.2,,1,1,1,1,1,1,1,1,1,1,1,1,1,1,1,1,1,1,1,1,1,1,1,1,1,1,1,1,1,1,0,.
2651023,1,1/10/1979,1,58.4,409.6,7,13,1,1,0,1943.800049,1,0,16.4,0,0,0,12.4,58.4,39.8,0,0,0,0,0,48.8,1.4,0,0,0,0,0,0,0,0,5.8,41.2,34.4,0,20.5,57.5,52,21,1,1,1,1,1,1,1,1,1,1,1,1,1,1,1,1,1,1,1,1,1,1,1,1,1,1,1,1,1,1,1,
2651023,1,1/11/1979,1,47.7,175.9,8,9,1,1,0,1943.800049,1,3.8,0,0,0,0,0,0,47.7,6,36,0,3,0,0,0,0,16.2,46.6,3,0,0,0,0,0,13.6,0,0,0,0,0,,1,1,1,1,1,1,1,1,1,1,1,1,1,1,1,1,1,1,1,1,1,1,1,1,1,1,1,1,1,1,0,.
2651023,1,1/12/1979,1,28.2,164.3,4,15,1,1,0,1943.800049,1,13.4,13.7,0,28.2,0,0,0,0,12,0,21,11.2,0,0,16.2,12,2,0,4,5,6.8,8.8,9,0,0,0,0,0,0,0,1,1,1,1,1,1,1,1,1,1,1,1,1,1,1,1,1,1,1,1,1,1,1,1,1,1,1,1,1,1,1,1,
2651023,1,1/1/1980,1,96.2,272.1,25,8,1,1,0,2198.699951,1,0,0,0,0,0,0,61.1,27.6,23.2,0,0,0,0,0,0,0,0,0,18,7.4,0,0,8,30.6,96.2,0,0,0,0,0,0,1,1,1,1,1,1,1,1,1,1,1,1,1,1,1,1,1,1,1,1,1,1,1,1,1,1,1,1,1,1,1,
2651023,1,1/2/1980,1,68.4,163.6,29,8,1,1,0,2198.699951,1,13.6,0,0,0,0,0,0,0,0,0,16.2,2.2,0,0,0,0,8.4,6.4,0,0,0,0,0,0,0,0,18.8,29.6,68.4,,,1,1,1,1,1,1,1,1,1,1,1,1,1,1,1,1,1,1,1,1,1,1,1,1,1,1,1,1,1,0,0,..
2651023,1,1/3/1980,1,65.1,223.6,12,13,1,1,0,2198.699951,1,50.6,1,0,0,14.2,2.4,0,0,3.2,19.4,30,65.1,15.8,0,0,5.6,0,0,0,0,0,0,0,0,0,0,0,0,5.5,9.8,1,1,1,1,1,1,1,1,1,1,1,1,1,1,1,1,1,1,1,1,1,1,1,1,1,1,1,1,1,1,1,1,
2651023,1,1/4/1980,1,20.4,80.6,11,6,1,1,0,2198.699951,1,0,0,0,0,4,0,0,0,0,6.8,20.4,17.9,12.5,0,19,0,0,0,0,0,0,0,0,0,0,0,0,0,0,0,,1,1,1,1,1,1,1,1,1,1,1,1,1,1,1,1,1,1,1,1,1,1,1,1,1,1,1,1,1,1,0,.
2651023,1,1/5/1980,1,37.4,164.7,21,10,1,1,0,2198.699951,1,0,12,0,0,0,0,20.4,6.2,5,27,37,0,0,0,0,0,0,14,0,0,37.4,4.2,0,0,0,0,0,0,1.5,0,0,1,1,1,1,1,1,1,1,1,1,1,1,1,1,1,1,1,1,1,1,1,1,1,1,1,1,1,1,1,1,1,
2651023,1,1/6/1980,1,41.2,122.4,25,6,1,1,0,2198.699951,1,0,1,0,0,0,0,0,0,0,0,0,0,0,0,19.6,0,0,0,0,0,16.6,25,0,0,41.2,19,0,0,0,0,,1,1,1,1,1,1,1,1,1,1,1,1,1,1,1,1,1,1,1,1,1,1,1,1,1,1,1,1,1,1,0,.
2651023,1,1/7/1980,1,55.4,185.8,30,9,1,1,0,2198.699951,1,0,38.8,0,19.2,0,0,0,0,27.4,16.2,2.2,15,0,0,0,0,0,0,0,0,4,0,0,0,0,0,7.6,0,0,55.4,0,1,1,1,1,1,1,1,1,1,1,1,1,1,1,1,1,1,1,1,1,1,1,1,1,1,1,1,1,1,1,1,
2651023,1,1/8/1980,1,51,137.4,26,8,1,1,0,2198.699951,1,0,0,0,0,0,21,0,0,4.4,0,0,0,0,2.2,0,0,0,0,0,4.7,0,12.4,5.5,0,0,51,36.2,0,0,0,0,1,1,1,1,1,1,1,1,1,1,1,1,1,1,1,1,1,1,1,1,1,1,1,1,1,1,1,1,1,1,1,
2651023,1,1/9/1980,1,89,250,9,11,1,1,0,2198.699951,1,0,16.2,39,0,0,0,0,0,89,0,0,0,0,0,7.8,12.4,0,0,6.6,17.4,13.8,7.8,0,0,0,0,0,20.4,19.6,0,,1,1,1,1,1,1,1,1,1,1,1,1,1,1,1,1,1,1,1,1,1,1,1,1,1,1,1,1,1,1,0,.
2651023,1,1/10/1980,1,33.4,137.1,31,8,1,1,0,2198.699951,1,0,0,0,0,0,0,0,12.4,10.4,0,0,27.2,0,0,0,0,0,0,7,0,0,0,11,0,0,0,26.1,0,9.6,0,33.4,1,1,1,1,1,1,1,1,1,1,1,1,1,1,1,1,1,1,1,1,1,1,1,1,1,1,1,1,1,1,1,
2651023,1,1/11/1980,1,49.3,114.9,29,7,1,1,0,2198.699951,1,0,0,0,0,1,0,14.8,0,29.2,0,0,0,0,0,0,0,0,0,0,0,0,4.6,14.6,0,0,0,0,0,49.3,1.4,,1,1,1,1,1,1,1,1,1,1,1,1,1,1,1,1,1,1,1,1,1,1,1,1,1,1,1,1,1,1,0,.
2651023,1,1/12/1980,1,71.5,346.5,21,17,1,1,0,2198.699951,1,0,3.4,20.2,0,0,4.6,2.6,47.8,0,1.8,0,22,21.4,5.8,0,0,0,0,40,37.4,71.5,8.8,0,5.8,0,5.8,0,13.4,34.2,0,0,1,1,1,1,1,1,1,1,1,1,1,1,1,1,1,1,1,1,1,1,1,1,1,1,1,1,1,1,1,1,1,
2651023,1,1/1/1981,1,44.8,211.2,10,13,1,1,0,1980.5,1,0,4.1,0,0,0,0,11.2,21.3,6,44.8,0,0,10.8,8,0,0,0,19.7,40,15.7,2,0,0,5.6,22,0,0,0,0,0,0,1,1,1,1,1,1,1,1,1,1,1,1,1,1,1,1,1,1,1,1,1,1,1,1,1,1,1,1,1,1,1,
2651023,1,1/2/1981,1,45.3,174.6,6,15,1,1,0,1980.5,1,27.5,2,6.6,2.8,15.2,45.3,0,0,18.2,7,16,0,1.5,4.2,0,0,0,0,0,9,1.8,10.5,7,0,0,0,0,0,,,,1,1,1,1,1,1,1,1,1,1,1,1,1,1,1,1,1,1,1,1,1,1,1,1,1,1,1,1,0,0,0,...
2651023,1,1/3/1981,1,45.8,175.4,7,10,1,1,0,1980.5,1,41,0,11,9.6,0,3,45.8,0,6.4,16.4,0,0,0,0,17.8,21.4,0,0,0,0,0,0,0,0,0,0,0,0,3,0,0,1,1,1,1,1,1,1,1,1,1,1,1,1,1,1,1,1,1,1,1,1,1,1,1,1,1,1,1,1,1,1,
2651023,1,1/4/1981,1,137.8,249.4,26,5,1,1,0,1980.5,1,0,0,0,0,0,0,0,0,0,0,0,0,0,0,0,54.4,0,0,0,0,0,0,0,0,13,137.8,39,5.2,0,0,,1,1,1,1,1,1,1,1,1,1,1,1,1,1,1,1,1,1,1,1,1,1,1,1,1,1,1,1,1,1,0,.
2651023,1,1/5/1981,1,47.2,74.4,28,4,1,1,0,1980.5,1,0,0,0,17.2,0,0,0,0,0,0,0,0,0,0,0,0,0,0,4,0,6,0,0,0,0,0,0,47.2,0,0,0,1,1,1,1,1,1,1,1,1,1,1,1,1,1,1,1,1,1,1,1,1,1,1,1,1,1,1,1,1,1,1,
2651023,1,1/6/1981,1,77,170,24,11,1,1,0,1980.5,1,0,0,12.8,0,0,3,23,2.4,0,0.5,14.2,0,0,0,0,14.7,0,0,0,0,0,0,4.2,77,14.2,0,4,0,0,0,,1,1,1,1,1,1,1,1,1,1,1,1,1,1,1,1,1,1,1,1,1,1,1,1,1,1,1,1,1,1,0,.
2651023,1,1/7/1981,1,13.6,17.8,19,2,1,1,0,1980.5,1,0,0,0,0,0,0,0,0,0,0,0,0,0,0,0,0,0,4.2,13.6,0,0,0,0,0,0,0,0,0,0,0,0,1,1,1,1,1,1,1,1,1,1,1,1,1,1,1,1,1,1,1,1,1,1,1,1,1,1,1,1,1,1,1,
2651023,1,1/8/1981,1,28.2,121.6,13,9,1,1,0,1980.5,1,0,0,0,0,0,0,0,21.6,5.8,0,0,15,28.2,0,0,0,6,0,0,0,0,0,0,0,0,0,0,19.2,10,6.6,9.2,1,1,1,1,1,1,1,1,1,1,1,1,1,1,1,1,1,1,1,1,1,1,1,1,1,1,1,1,1,1,1,
2651023,1,1/9/1981,1,44,98,22,6,1,1,0,1980.5,1,0,0,0,0,0,0,0,0,0,0,0,0,0,0,0,0,0,0,0,0,3,44,5.6,24.4,13.6,0,0,0,7.4,0,,1,1,1,1,1,1,1,1,1,1,1,1,1,1,1,1,1,1,1,1,1,1,1,1,1,1,1,1,1,1,0,.
2651023,1,1/10/1981,1,63,191,27,11,1,1,0,1980.5,1,0,0,0,33,0,17.2,12.6,1.6,0,20.8,4.2,1,0,0,0,22.8,0,0,0,12.6,0,0,0,0,0,0,63,0,0,2.2,0,1,1,1,1,1,1,1,1,1,1,1,1,1,1,1,1,1,1,1,1,1,1,1,1,1,1,1,1,1,1,1,
2651023,1,1/11/1981,1,41,192.4,7,10,1,1,0,1980.5,1,0,14,13.8,14.4,0,0,41,0,12,19.9,0,0,0,19.5,0,0,0,0,11.8,0,0,0,0,0,0,0,0,0,6.2,39.8,,1,1,1,1,1,1,1,1,1,1,1,1,1,1,1,1,1,1,1,1,1,1,1,1,1,1,1,1,1,1,0,.
2651023,1,1/12/1981,1,102.4,304.7,1,12,1,1,0,1980.5,1,102.4,14.8,0,6.4,0,53.2,0,10.5,0,0,0,0,0,0,27,0,0,0,6,2,5,0,49.5,0,0,0,19.9,8,0,0,0,1,1,1,1,1,1,1,1,1,1,1,1,1,1,1,1,1,1,1,1,1,1,1,1,1,1,1,1,1,1,1,
2651023,1,1/1/1982,1,30.6,54.4,9,5,1,1,0,2275.600098,1,0,0,0,0,0,0,0,11.7,30.6,0,0,0,0,0,0,0,0,0,2.6,0,0,0,8,0,0,0,0,0,0,0,1.5,1,1,1,1,1,1,1,1,1,1,1,1,1,1,1,1,1,1,1,1,1,1,1,1,1,1,1,1,1,1,1,
2651023,1,1/2/1982,1,73,207.3,5,14,1,1,0,2275.600098,1,0,0,4.4,17.8,73,10.1,0,0,2.6,51,1.8,0,0,2,0,1.8,0,0,2.8,2.8,5.4,0,19.8,12,0,0,0,0,,,,1,1,1,1,1,1,1,1,1,1,1,1,1,1,1,1,1,1,1,1,1,1,1,1,1,1,1,1,0,0,0,...
2651023,1,1/3/1982,1,41,113.4,29,6,1,1,0,2275.600098,1,28.4,0,0,0,0,0,0,0,0,0,0,0,0,0,0,1.2,0,0,3,0,7.8,32,0,0,0,0,0,0,41,0,0,1,1,1,1,1,1,1,1,1,1,1,1,1,1,1,1,1,1,1,1,1,1,1,1,1,1,1,1,1,1,1,
2651023,1,1/4/1982,1,17.4,24.2,21,3,1,1,0,2275.600098,1,0,0,0,0,0,0,0,0,0,0,0,0,0,0,5,0,0,0,0,0,17.4,0,0,0,0,0,0,0,1.8,0,,1,1,1,1,1,1,1,1,1,1,1,1,1,1,1,1,1,1,1,1,1,1,1,1,1,1,1,1,1,1,0,.
2651023,1,1/5/1982,1,67.4,116.9,11,6,1,1,0,2275.600098,1,0,0,0,0,0,0,0,0,0,0,67.4,1,0,0,0,0,0,5,0,0,0,0,0,0,29.2,12.9,0,0,0,0,1.4,1,1,1,1,1,1,1,1,1,1,1,1,1,1,1,1,1,1,1,1,1,1,1,1,1,1,1,1,1,1,1,
2651023,1,1/6/1982,1,71,337.8,11,17,1,1,0,2275.600098,1,1,1,1,0,0,0,1,0,0,0,71,33.2,0,0,0,25.5,1,1,30.2,0,1,22,0,16,16.8,60,7.9,0,48.2,0,,1,1,1,1,1,1,1,1,1,1,1,1,1,1,1,1,1,1,1,1,1,1,1,1,1,1,1,1,1,1,0,.
2651023,1,1/7/1982,1,87.6,295,18,13,1,1,0,2275.600098,1,0,0,0,0,0,0,15.2,25.2,28.2,1,8.8,34.8,49.2,0,0,4,29.4,87.6,0,0,0,1,0,0,0,0,0,0,2.8,7.8,0,1,1,1,1,1,1,1,1,1,1,1,1,1,1,1,1,1,1,1,1,1,1,1,1,1,1,1,1,1,1,1,
2651023,1,1/8/1982,1,45,148.6,18,8,1,1,0,2275.600098,1,0,0,25,0,0,0,0,0,18,0,0,0,0,0,0,0,1,45,0,3,0,0,3.4,18.2,0,0,0,0,0,0,35,1,1,1,1,1,1,1,1,1,1,1,1,1,1,1,1,1,1,1,1,1,1,1,1,1,1,1,1,1,1,1,
2651023,1,1/9/1982,1,13.8,53.2,18,5,1,1,0,2275.600098,1,0,0,0,0,0,0,0,0,0,0,0,0,0,0,0,0,0,13.8,9,0,0,0,0,12.6,0,0,4.8,13,0,0,,1,1,1,1,1,1,1,1,1,1,1,1,1,1,1,1,1,1,1,1,1,1,1,1,1,1,1,1,1,1,0,.
2651023,1,1/10/1982,1,65,310.8,2,14,1,1,0,2275.600098,1,3,65,0,15.8,0,3,33,44,13.5,0,17.8,0,29.2,0,0,0,0,40,0,0,1.5,20,0,12.2,0,0,0,12.8,0,0,0,1,1,1,1,1,1,1,1,1,1,1,1,1,1,1,1,1,1,1,1,1,1,1,1,1,1,1,1,1,1,1,
2651023,1,1/11/1982,1,104,457.8,14,19,1,1,0,2275.600098,1,0,0,7.2,47,19.6,17.8,0,0,0,0,33,40.6,0,104,25,6.8,0,0,0,12.4,60.6,2.4,4.4,8.7,36,2,3.4,10.3,16.6,0,,1,1,1,1,1,1,1,1,1,1,1,1,1,1,1,1,1,1,1,1,1,1,1,1,1,1,1,1,1,1,0,.
2651023,1,1/12/1982,1,46.2,156.2,21,12,1,1,0,2275.600098,1,0,2.6,2,0,0,0,8.8,0,0,0,0,0,0,0,3,10.8,0.5,2.6,0,0,46.2,39.5,0,12.5,0,0,0,0,0,3.2,24.5,1,1,1,1,1,1,1,1,1,1,1,1,1,1,1,1,1,1,1,1,1,1,1,1,1,1,1,1,1,1,1,
2651023,1,1/1/1983,1,36.8,181.5,29,13,1,1,0,3307.600098,1,7.7,0,6.3,0,23.2,19,6,0,0,0,0,0,0,0,6.3,0,1.2,27,9.4,0,0,0,6.9,0,0,0,0,0,36.8,20.7,11,1,1,1,1,1,1,1,1,1,1,1,1,1,1,1,1,1,1,1,1,1,1,1,1,1,1,1,1,1,1,1,
2651023,1,1/2/1983,1,61.2,180.4,17,11,1,1,0,3307.600098,1,0,0,0,0,0,0,0,3,0,5,0,0,0,13.2,0,10.2,61.2,0,8.2,0,10,4,8.8,0,0,0,7.2,49.6,,,,1,1,1,1,1,1,1,1,1,1,1,1,1,1,1,1,1,1,1,1,1,1,1,1,1,1,1,1,0,0,0,...
2651023,1,1/3/1983,1,106.3,255.9,4,10,1,1,0,3307.600098,1,17,13.4,8,106.3,0,0,17.6,0,0,0,0,10.8,23.4,0,0,0,0,0,50.2,0.2,0,0,0,0,0,0,0,9,0,0,0,1,1,1,1,1,1,1,1,1,1,1,1,1,1,1,1,1,1,1,1,1,1,1,1,1,1,1,1,1,1,1,
2651023,1,1/4/1983,1,75.5,206.6,19,12,1,1,0,3307.600098,1,5.6,2.2,0,0,15.6,7,0,0,0,0,0,0,0,0,2.4,0,0,32.5,75.5,2.8,0,0,0,30.2,11.2,5.6,0,0,0,16,,1,1,1,1,1,1,1,1,1,1,1,1,1,1,1,1,1,1,1,1,1,1,1,1,1,1,1,1,1,1,0,.
2651023,1,1/5/1983,1,168,442.4,20,14,1,1,0,3307.600098,1,16.4,22.4,0,0,0,0,0,37.8,6,69,27.4,20,0,0,4,0,0,9,5,168,0,0,13.4,0,0,0,0,34,10,0,0,1,1,1,1,1,1,1,1,1,1,1,1,1,1,1,1,1,1,1,1,1,1,1,1,1,1,1,1,1,1,1,
2651023,1,1/6/1983,1,52.6,168,12,11,1,1,0,3307.600098,1,0,0,9.4,0,0,0,0,0,27,4,0,52.6,11,7,0,0,0,0,0,0,0,0,0,39.6,6.4,3,0,3,5,0,,1,1,1,1,1,1,1,1,1,1,1,1,1,1,1,1,1,1,1,1,1,1,1,1,1,1,1,1,1,1,0,.
2651023,1,1/7/1983,1,153.2,837.7,8,20,1,1,0,3307.600098,1,1.8,0,17,0,0,32,108.9,153.2,112,83.6,55.2,38,9.8,5,0,34,2.8,0,0,0,0,0,0,4,17.6,40.5,62.5,35.6,0,21.2,3,1,1,1,1,1,1,1,1,1,1,1,1,1,1,1,1,1,1,1,1,1,1,1,1,1,1,1,1,1,1,1,
2651023,1,1/8/1983,1,16,31.4,1,3,1,1,0,3307.600098,1,16,0,0,0,0,0,0,0,0,0,0,0,0,0,6.6,0,8.8,0,0,0,0,0,0,0,0,0,0,0,0,0,0,1,1,1,1,1,1,1,1,1,1,1,1,1,1,1,1,1,1,1,1,1,1,1,1,1,1,1,1,1,1,1,
2651023,1,1/9/1983,1,73.8,263.6,18,12,1,1,0,3307.600098,1,0,0,0,0,21,21.8,0,4.8,0,0,0,8,4.2,0,9.6,49.4,0,73.8,3,0,0,8,31.5,28.5,0,0,0,0,0,0,,1,1,1,1,1,1,1,1,1,1,1,1,1,1,1,1,1,1,1,1,1,1,1,1,1,1,1,1,1,1,0,.
2651023,1,1/10/1983,1,71.2,197.9,22,6,1,1,0,3307.600098,1,41.6,8.2,0,0,0,0,0,0,0,0,65.4,0,0,6,0,0,0,0,0,0,0,71.2,0,0,0,0,0,0,0,0,5.5,1,1,1,1,1,1,1,1,1,1,1,1,1,1,1,1,1,1,1,1,1,1,1,1,1,1,1,1,1,1,1,
2651023,1,1/11/1983,1,59.5,281.9,20,11,1,1,0,3307.600098,1,46.5,28,52.8,0,5.2,0,0,0,0,0,11.2,33,12.4,0,0,0,0,0,8.5,59.5,0,23,0,0,0,0,0,1.8,0,0,,1,1,1,1,1,1,1,1,1,1,1,1,1,1,1,1,1,1,1,1,1,1,1,1,1,1,1,1,1,1,0,.
2651023,1,1/12/1983,1,42,260.3,20,13,1,1,0,3307.600098,1,0,37.6,0,0,0,31.4,0,0,0,0,6,0,3.8,3.6,0,0,6.4,27.6,27,42,19.8,30.2,0,0,0,0,0,0,16,0,8.9,1,1,1,1,1,1,1,1,1,1,1,1,1,1,1,1,1,1,1,1,1,1,1,1,1,1,1,1,1,1,1,
2651023,1,1/1/1984,1,42.8,186.3,2,14,1,1,0,2211.300049,1,0,42.8,0,37.4,0,1.2,0,0,7.8,3,18,17.5,10.2,0,0,0,0,0,0,8.8,5.6,0,0,0,0,0,0,10.8,16.6,3,3.6,1,1,1,1,1,1,1,1,1,1,1,1,1,1,1,1,1,1,1,1,1,1,1,1,1,1,1,1,1,1,1,
2651023,1,1/2/1984,1,22,64.4,28,7,1,1,0,2211.300049,1,1,0,4,0,0,0,0,0,0,4.4,0,0,0,3.8,0,0,0,0,9,0,0,0,0,0,0,0,20.2,22,0,,,1,1,1,1,1,1,1,1,1,1,1,1,1,1,1,1,1,1,1,1,1,1,1,1,1,1,1,1,1,0,0,..
2651023,1,1/3/1984,1,51.5,279.6,29,14,1,1,0,2211.300049,1,28,25.5,5,0,0,8.8,0,12.5,10.3,0,0,0,0,0,0,0,0,13,32.6,41.8,9.8,0,0,0,0,3.4,3.4,34,51.5,0,0,1,1,1,1,1,1,1,1,1,1,1,1,1,1,1,1,1,1,1,1,1,1,1,1,1,1,1,1,1,1,1,
2651023,1,1/4/1984,1,45.2,139.8,2,8,1,1,0,2211.300049,1,0,45.2,0,0,0,0,0,0,0,0,0,0,0,35,1.8,0,0,10,4.2,0,0,0,3.8,31.4,0,0,0,0,0,8.4,,1,1,1,1,1,1,1,1,1,1,1,1,1,1,1,1,1,1,1,1,1,1,1,1,1,1,1,1,1,1,0,.
2651023,1,1/5/1984,1,30.6,125.2,18,10,1,1,0,2211.300049,1,2.4,0,0,0,0,3.8,0,10.6,0,18.8,4.8,12.8,3,28.6,0,0,0,30.6,0,0,0,0,0,0,0,0,0,0,0,9.8,0,1,1,1,1,1,1,1,1,1,1,1,1,1,1,1,1,1,1,1,1,1,1,1,1,1,1,1,1,1,1,1,
2651023,1,1/6/1984,1,147.3,273.4,15,8,1,1,0,2211.300049,1,0,0,0,0,0,8.5,3.6,0,0,10.2,0,0,53.6,10,147.3,0,32.2,0,0,0,0,0,0,0,0,0,8,0,0,0,,1,1,1,1,1,1,1,1,1,1,1,1,1,1,1,1,1,1,1,1,1,1,1,1,1,1,1,1,1,1,0,.
2651023,1,1/7/1984,1,58.4,107.8,4,6,1,1,0,2211.300049,1,0,0,0,58.4,0,0,8.1,0,0,0,0,0,20,13.8,2.5,0,0,0,0,0,5,0,0,0,0,0,0,0,0,0,0,1,1,1,1,1,1,1,1,1,1,1,1,1,1,1,1,1,1,1,1,1,1,1,1,1,1,1,1,1,1,1,
2651023,1,1/8/1984,1,93,346.3,6,12,1,1,0,2211.300049,1,0,36.6,7.8,0,17.6,93,13.3,17.4,0,0,0,0,0,0,0,10,0,0,0,10.6,10.6,81,38.8,0,9.6,0,0,0,0,0,0,1,1,1,1,1,1,1,1,1,1,1,1,1,1,1,1,1,1,1,1,1,1,1,1,1,1,1,1,1,1,1,
2651023,1,1/9/1984,1,98.6,146.4,26,5,1,1,0,2211.300049,1,0,0,0,0,0,0,0,0,0,0,0,0,2,0,7.2,0,0,0,0,25,13.6,0,0,0,0,98.6,0,0,0,0,,1,1,1,1,1,1,1,1,1,1,1,1,1,1,1,1,1,1,1,1,1,1,1,1,1,1,1,1,1,1,0,.
2651023,1,1/10/1984,1,35,51.8,7,5,1,1,0,2211.300049,1,0,0,0,0,0,0,35,0,7.2,1.8,0,0,0,0,0,0,0,0,6.2,0,0,0,0,0,0,0,0,0,0,0,1.6,1,1,1,1,1,1,1,1,1,1,1,1,1,1,1,1,1,1,1,1,1,1,1,1,1,1,1,1,1,1,1,
2651023,1,1/11/1984,1,44.7,315.1,12,16,1,1,0,2211.300049,1,0,0,29.5,26.5,36.8,35.2,3.8,1,19.2,5,0,44.7,10,0,0,0,16.2,3.8,0,29.4,39.2,0,0,0,0,7.2,0,0,0,7.6,,1,1,1,1,1,1,1,1,1,1,1,1,1,1,1,1,1,1,1,1,1,1,1,1,1,1,1,1,1,1,0,.
2651023,1,1/12/1984,1,51,175.2,6,8,1,1,0,2211.300049,1,26,12.2,0,0,0,51,0,5.6,0,0,0,6.5,37.1,0,0,0,0,4.4,0,0,0,0,0,0,0,0,0,0,0,32.4,0,1,1,1,1,1,1,1,1,1,1,1,1,1,1,1,1,1,1,1,1,1,1,1,1,1,1,1,1,1,1,1,
2651023,1,1/1/1985,1,28,63.2,8,5,1,1,0,1196,1,9.6,0,0,0,0,0,0,28,0,0,0,0,0,0,0,0,1.5,0,0,0,0,0,1.5,0,0,0,0,22.6,0,0,0,1,1,1,1,1,1,1,1,1,1,1,1,1,1,1,1,1,1,1,1,1,1,1,1,1,1,1,1,1,1,1,.
2651023,1,1/2/1985,1,34.8,298.5,4,21,1,1,0,1196,1,2,8.8,0,34.8,11.2,4.6,20.6,32.2,13,0,0,17.2,16.2,18,23.9,28.3,16.2,11,5,0,5.5,6.5,0,0,0,10.5,11,2,,,,1,1,1,1,1,1,1,1,1,1,1,1,1,1,1,1,1,1,1,1,1,1,1,1,1,1,1,1,0,0,0,....
2651023,1,1/3/1985,1,20.4,100,6,11,1,1,0,1196,1,0,0,0,0,0,20.4,7.2,0,0,0,12.8,0,0,0,0,7.5,7.5,0,0,0,4,0,6.6,7.2,1,0,0,20,0,5.8,0,1,1,1,1,1,1,1,1,1,1,1,1,1,1,1,1,1,1,1,1,1,1,1,1,1,1,1,1,1,1,1,.
2651023,1,1/4/1985,1,52,132.6,16,8,1,1,0,1196,1,0,0,5,23,0,13,0,2,0,0,10.8,0,0,0,0,52,23,0,0,0,0,0,0,0,0,3.8,0,0,0,0,,1,1,1,1,1,1,1,1,1,1,1,1,1,1,1,1,1,1,1,1,1,1,1,1,1,1,1,1,1,1,0,..
2651023,1,1/5/1985,1,18.2,66.6,24,5,1,1,0,1196,1,0,0,0,0,0,0,0,13.6,11,12.6,0,0,0,0,0,0,0,0,0,0,0,11.2,0,18.2,0,0,0,0,0,0,0,1,1,1,1,1,1,1,1,1,1,1,1,1,1,1,1,1,1,1,1,1,1,1,1,1,1,1,1,1,1,1,.
2651023,1,1/6/1985,1,21.6,31.8,2,2,1,1,0,1196,1,0,21.6,0,0,0,0,0,0,0,0,0,0,0,0,0,0,10.2,0,0,0,0,0,0,0,0,0,0,0,0,0,,1,1,1,1,1,1,1,1,1,1,1,1,1,1,1,1,1,1,1,1,1,1,1,1,1,1,1,1,1,1,0,..
2651023,1,1/7/1985,1,17.8,53.8,1,5,1,1,0,1196,1,17.8,5.3,0,0,0,15.5,0,0,0,3.4,0,0,0,0,0,0,0,0,0,0,0,0,0,0,0,0,0,0,11.8,0,0,1,1,1,1,1,1,1,1,1,1,1,1,1,1,1,1,1,1,1,1,1,1,1,1,1,1,1,1,1,1,1,.
2651023,1,1/8/1985,1,30,40,1,4,1,1,0,1196,1,30,0,0,0,0,0,0,0,0,0,4.2,1.6,0,0,0,0,0,0,0,4.2,0,0,0,0,0,0,0,0,0,0,0,1,1,1,1,1,1,1,1,1,1,1,1,1,1,1,1,1,1,1,1,1,1,1,1,1,1,1,1,1,1,1,.
2651023,1,1/9/1985,1,16.6,66.2,14,7,1,1,0,1196,1,7.6,0,10.8,6.6,0,0,0,0,0,0,0,0,0,16.6,10,1,0,0,0,13.6,0,0,0,0,0,0,0,0,0,0,,1,1,1,1,1,1,1,1,1,1,1,1,1,1,1,1,1,1,1,1,1,1,1,1,1,1,1,1,1,1,0,..
2651023,1,1/10/1985,1,36,108.6,29,8,1,1,0,1196,1,0,0,0,0,0,0,0,3.4,0,12.2,0,0,0,0,0,5.2,0,0,0,18.2,5.8,0,0,0,25.8,0,0,2,36,0,0,1,1,1,1,1,1,1,1,1,1,1,1,1,1,1,1,1,1,1,1,1,1,1,1,1,1,1,1,1,1,1,.
2651023,1,1/11/1985,1,48.2,134.2,2,7,1,1,0,1196,1,0,48.2,8.6,47.4,1,0,0,0,0,0,0,0,0,0,0,0,0,0,0,4.2,10.8,0,0,0,0,0,0,0,0,14,,1,1,1,1,1,1,1,1,1,1,1,1,1,1,1,1,1,1,1,1,1,1,1,1,1,1,1,1,1,1,0,..
2651023,1,1/12/1985,1,60.8,100.5,24,6,1,1,0,1196,1,0,0,0,0,0,0,0,0,0,0,0,7,0,7.6,3.8,0,0,0,0,0,11.4,0,0,60.8,0,9.9,0,0,0,0,0,1,1,1,1,1,1,1,1,1,1,1,1,1,1,1,1,1,1,1,1,1,1,1,1,1,1,1,1,1,1,1,.
2651023,1,1/1/1986,1,32,184.2,30,10,1,1,0,1651.599976,1,29.4,0,0,0,0,0,0,0,0,4,0,0,0,31.6,0,0,0,0,8.8,29.8,5.8,0,16.6,0,0,0,6.6,0,19.6,32,0,1,1,1,1,1,1,1,1,1,1,1,1,1,1,1,1,1,1,1,1,1,1,1,1,1,1,1,1,1,1,1,
2651023,1,1/2/1986,1,47.2,251.7,24,15,1,1,0,1651.599976,1,23.6,15,4.8,0,0,0,0,2.8,16.2,42.2,6.8,12.2,0,0,0,19,7.6,0,0,0,0,0,0,47.2,3.6,2.6,32.2,15.9,,,,1,1,1,1,1,1,1,1,1,1,1,1,1,1,1,1,1,1,1,1,1,1,1,1,1,1,1,1,0,0,0,...
2651023,1,1/3/1986,1,28,108,19,9,1,1,0,1651.599976,1,0,0,0,0,0,5,0,0,1.8,0,0,23.4,0,0,6,0,21.6,17.2,28,0,0,0,0,2.2,0,0,0,0,0,2.8,0,1,1,1,1,1,1,1,1,1,1,1,1,1,1,1,1,1,1,1,1,1,1,1,1,1,1,1,1,1,1,1,
2651023,1,1/4/1986,1,23.6,114.4,7,10,1,1,0,1651.599976,1,0,0,14,3.6,0,7.6,23.6,0,0,0,0,0,15,6.6,15.2,0,0,0,0,0,14.6,7,0,0,0,7.2,0,0,0,0,,1,1,1,1,1,1,1,1,1,1,1,1,1,1,1,1,1,1,1,1,1,1,1,1,1,1,1,1,1,1,0,.
2651023,1,1/5/1986,1,65.2,205.7,30,10,1,1,0,1651.599976,1,0,0,0,0,0,0,1.4,0,0,22.8,0,5,17,0,0,0,0,34.9,0,1.8,13.4,0,0,0,16,0,0,0,0,65.2,28.2,1,1,1,1,1,1,1,1,1,1,1,1,1,1,1,1,1,1,1,1,1,1,1,1,1,1,1,1,1,1,1,
2651023,1,1/6/1986,1,16.2,28,25,5,1,1,0,1651.599976,1,0,0,0,0,0,0,2.6,0,0,0,0,0,0,0,0,5.4,0,0,0,0,0,0,0,0,16.2,0,0,0,2.4,1.4,,1,1,1,1,1,1,1,1,1,1,1,1,1,1,1,1,1,1,1,1,1,1,1,1,1,1,1,1,1,1,0,.
2651023,1,1/7/1986,1,16.4,42,19,5,1,1,0,1651.599976,1,4,1,0,0,0,0,0,0,0,0,0,0,0,0,0,0,0,0,16.4,0,14.2,0,0,0,0,0,0,0,0,0,6.4,1,1,1,1,1,1,1,1,1,1,1,1,1,1,1,1,1,1,1,1,1,1,1,1,1,1,1,1,1,1,1,
2651023,1,1/8/1986,1,46.2,131.3,23,8,1,1,0,1651.599976,1,0,0,0,0,0,0,0,0,0,0,0,18.2,33.8,14.6,7.8,9.2,0.5,0,0,0,0,1,46.2,0,0,0,0,0,0,0,0,1,1,1,1,1,1,1,1,1,1,1,1,1,1,1,1,1,1,1,1,1,1,1,1,1,1,1,1,1,1,1,
2651023,1,1/9/1986,1,51.6,163.9,17,8,1,1,0,1651.599976,1,0,0,0,5.6,0,0,0,0,0,0,0,0,0,0,0,12.8,51.6,7.8,42.7,21.8,0,0,0,10.6,11,0,0,0,0,0,,1,1,1,1,1,1,1,1,1,1,1,1,1,1,1,1,1,1,1,1,1,1,1,1,1,1,1,1,1,1,0,.
2651023,1,1/10/1986,1,53.4,122.1,21,5,1,1,0,1651.599976,1,0,0,0,0,0,0,0,11.6,7.8,30.2,0,0,0,0,0,0,0,0,0,19.1,53.4,0,0,0,0,0,0,0,0,0,0,1,1,1,1,1,1,1,1,1,1,1,1,1,1,1,1,1,1,1,1,1,1,1,1,1,1,1,1,1,1,1,
2651023,1,1/11/1986,1,41.4,142.9,6,13,1,1,0,1651.599976,1,6,5.8,13.2,13.6,0,41.4,0,0,0,13.2,13.8,0,0,0,0,0,0,0,0,0,4.5,0,5.2,10.2,1.8,7.6,6.6,0,0,0,,1,1,1,1,1,1,1,1,1,1,1,1,1,1,1,1,1,1,1,1,1,1,1,1,1,1,1,1,1,1,0,.
2651023,1,1/12/1986,1,60.2,157.4,14,12,1,1,0,1651.599976,1,0,0,0,5.2,0,6.6,6.4,17,2.4,0,0,0,0,60.2,0,0,0,19.8,17,0,9,3.8,0,0,0,5,0,5,0,0,0,1,1,1,1,1,1,1,1,1,1,1,1,1,1,1,1,1,1,1,1,1,1,1,1,1,1,1,1,1,1,1,
2651023,1,1/1/1987,1,22.8,126.8,11,10,1,1,1,,,0,12.8,0,0,0,0,0,0,0,0,22.8,6.6,13.2,5.2,0,13.2,9,0,0,0,0,0,8.6,0,20,0,0,0,0,0,15.4,1,1,1,1,1,1,1,1,1,1,1,1,1,1,1,1,1,1,1,1,1,1,1,1,1,1,1,1,1,1,1,.
2651023,1,1/2/1987,1,58.6,250,1,16,1,1,1,,,58.6,44,5.2,5,2.2,0,0,22.8,17,0,0,0,0,0,25.2,2.2,0,8,3.4,20,20.6,5.6,5.8,0,0,0,0,4.4,,,,1,1,1,1,1,1,1,1,1,1,1,1,1,1,1,1,1,1,1,1,1,1,1,1,1,1,1,1,0,0,0,....
2651023,1,1/3/1987,1,42.8,42.8,26,1,1,1,1,,,0,0,0,0,0,0,0,0,0,0,0,0,0,0,0,0,0,0,0,0,0,0,0,0,0,42.8,0,0,0,0,0,1,1,1,1,1,1,1,1,1,1,1,1,1,1,1,1,1,1,1,1,1,1,1,1,1,1,1,1,1,1,1,.
2651023,1,1/4/1987,1,68.6,153.4,14,8,1,1,1,,,3.2,12,4,0,0,0,0,0,0,23.4,0,6,18.2,68.6,0,0,0,0,0,0,18,0,0,0,0,0,0,0,0,0,,1,1,1,1,1,1,1,1,1,1,1,1,1,1,1,1,1,1,1,1,1,1,1,1,1,1,1,1,1,1,0,..
2651023,1,1/5/1987,1,76.6,378.8,19,11,1,1,1,,,0,0,0,0,0,4,54.6,43.4,4.8,0,0,8.2,0,53.8,40.4,0,0,17.8,76.6,50.2,25,0,0,0,0,0,0,0,0,0,0,1,1,1,1,1,1,1,1,1,1,1,1,1,1,1,1,1,1,1,1,1,1,1,1,1,1,1,1,1,1,1,.
2651023,1,1/6/1987,1,128.4,238,13,7,1,1,1,,,0,0,8.6,0,0,5.4,0,0,0,0,0,0,128.4,54,26,4,0,0,0,0,0,0,11.6,0,0,0,0,0,0,0,,1,1,1,1,1,1,1,1,1,1,1,1,1,1,1,1,1,1,1,1,1,1,1,1,1,1,1,1,1,1,0,..
2651023,1,1/7/1987,1,84.4,120.6,8,6,1,1,1,,,0,0,0,5.2,0,4.6,5.6,84.4,0,0,0,0,0,0,0,0,0,0,8.4,0,0,0,0,0,0,0,0,0,0,12.4,0,1,1,1,1,1,1,1,1,1,1,1,1,1,1,1,1,1,1,1,1,1,1,1,1,1,1,1,1,1,1,1,.
2651023,1,1/8/1987,1,29,67.6,17,6,1,1,1,,,0,0,0,0,0,24.2,1.6,3.4,0,0,0,0,0,0,0,0,29,0,3.8,0,0,0,0,0,0,0,0,0,0,5.6,0,1,1,1,1,1,1,1,1,1,1,1,1,1,1,1,1,1,1,1,1,1,1,1,1,1,1,1,1,1,1,1,.
2651023,1,1/9/1987,1,25.4,80.8,23,7,1,1,1,,,0,0,7.2,0,1.6,0,0,0,0,0,2.4,0,0,0,0,24,0,0,0,0,0,0,25.4,0,0,0,0,14.4,0,5.8,,1,1,1,1,1,1,1,1,1,1,1,1,1,1,1,1,1,1,1,1,1,1,1,1,1,1,1,1,1,1,0,..
2651023,1,1/10/1987,1,44.2,114.3,1,7,1,1,1,,,44.2,0,0,0,0,0,0,0,0,0,0,0,5,12.1,6.8,0,0,2.8,34,0,0,0,0,0,9.4,0,0,0,0,0,0,1,1,1,1,1,1,1,1,1,1,1,1,1,1,1,1,1,1,1,1,1,1,1,1,1,1,1,1,1,1,1,.
2651023,1,1/11/1987,1,47.4,135.2,25,7,1,1,1,,,0,0,0,0,7.2,42.8,0,22.6,6,4.6,0,0,0,0,4.6,0,0,0,0,0,0,0,0,0,47.4,0,0,0,0,0,,1,1,1,1,1,1,1,1,1,1,1,1,1,1,1,1,1,1,1,1,1,1,1,1,1,1,1,1,1,1,0,..
2651023,1,1/12/1987,1,28.2,110,4,7,1,1,1,,,0,0,10,28.2,0,0,0,0,15.8,0,14.2,0,0,0,0,0,0,9.8,0,0,17,0,0,0,0,0,0,0,0,15,0,1,1,1,1,1,1,1,1,1,1,1,1,1,1,1,1,1,1,1,1,1,1,1,1,1,1,1,1,1,1,1,.
2651023,1,1/1/2002,1,57.7,169.2,13,11,1,1,0,1843.199951,1,0,0,0,0,2.5,2.6,0,0,0,10,23.7,20,57.7,0,0,0,0,0,0,0,0,0,4.8,7.7,15.5,0,0,14,10.7,0,0,1,1,1,1,1,1,1,1,1,1,1,1,1,1,1,1,1,1,1,1,1,1,1,1,1,1,1,1,1,1,1,
2651023,1,1/2/2002,1,27,91.5,14,9,1,1,0,1843.199951,1,8.7,0,0,0,0,0,8.1,0.7,0,0,0,0,0,27,0,0.7,0,0,0,0,2.8,25,13.9,0,0,0,0,4.6,,,,1,1,1,1,1,1,1,1,1,1,1,1,1,1,1,1,1,1,1,1,1,1,1,1,1,1,1,1,0,0,0,...
2651023,1,1/3/2002,1,52,115,7,6,1,1,0,1843.199951,1,0,0,0,0,0,9.6,52,0,0,0,0,0,17.7,0,0,0,0,0,0,4.2,0,0,0,14.4,0,0,0,17.1,0,0,0,1,1,1,1,1,1,1,1,1,1,1,1,1,1,1,1,1,1,1,1,1,1,1,1,1,1,1,1,1,1,1,
2651023,1,1/4/2002,1,19.6,74.1,19,9,1,1,0,1843.199951,1,0,12.7,0,0,0,1.1,0,0,0,0,0,0,0,9.6,0,0,2.1,2.7,19.6,13.6,0,0,0,0,0,0,0,0,1.5,11.2,,1,1,1,1,1,1,1,1,1,1,1,1,1,1,1,1,1,1,1,1,1,1,1,1,1,1,1,1,1,1,0,.
2651023,1,1/5/2002,1,58.8,226.4,16,8,1,1,0,1843.199951,1,0,0,15.6,0,0,33,0,0,5.6,0,0,0,0,0,0,58.8,0,42.8,41.4,4.5,0,0,0,0,0,0,0,0,0,24.7,0,1,1,1,1,1,1,1,1,1,1,1,1,1,1,1,1,1,1,1,1,1,1,1,1,1,1,1,1,1,1,1,
2651023,1,1/6/2002,1,24.3,40.3,15,4,1,1,0,1843.199951,1,0,0,0,0,0,0,0,0,0,0,0,0,0,0,24.3,11.7,0.7,0,3.6,0,0,0,0,0,0,0,0,0,0,0,,1,1,1,1,1,1,1,1,1,1,1,1,1,1,1,1,1,1,1,1,1,1,1,1,1,1,1,1,1,1,0,.
2651023,1,1/7/2002,1,29.8,84.6,7,8,1,1,0,1843.199951,1,5.5,0,0,0,0,0,29.8,0,0,0,0,5.6,0,0,0,0,0,0,0,0,12.1,13.6,0,0,4.7,0,0,7.3,0,0,6,1,1,1,1,1,1,1,1,1,1,1,1,1,1,1,1,1,1,1,1,1,1,1,1,1,1,1,1,1,1,1,
2651023,1,1/8/2002,1,38.2,114.1,1,7,1,1,0,1843.199951,1,38.2,12.7,0,5.4,0,0,0,0,0,0,0,0,0,0,26.5,0,0,0,0,0,0,7.8,7,0,0,0,0,0,0,16.5,0,1,1,1,1,1,1,1,1,1,1,1,1,1,1,1,1,1,1,1,1,1,1,1,1,1,1,1,1,1,1,1,
2651023,1,1/9/2002,1,92.7,218.7,20,9,1,1,0,1843.199951,1,0,0,0,0,0,14.5,2.1,1.1,0,0,0,0,10,51.8,0,15,29.8,0,1.7,92.7,0,0,0,0,0,0,0,0,0,0,,1,1,1,1,1,1,1,1,1,1,1,1,1,1,1,1,1,1,1,1,1,1,1,1,1,1,1,1,1,1,0,.
2651023,1,1/10/2002,1,74,280.4,26,13,1,1,0,1843.199951,1,53.2,0,36,0,0,16.6,0,0,6.7,0,0,21.8,0,0,0,0,0,2.8,3.8,1.7,13,8,0,0,0,74,0,0,5,37.8,0,1,1,1,1,1,1,1,1,1,1,1,1,1,1,1,1,1,1,1,1,1,1,1,1,1,1,1,1,1,1,1,
2651023,1,1/11/2002,1,80,285.2,11,10,1,1,0,1843.199951,1,4,0,0,37.5,0,0,0,0,0,6.1,80,0,0,0,0,0,0,29.5,0,6,0,0,0,0,29.1,16.4,0,51.5,0,25.1,,1,1,1,1,1,1,1,1,1,1,1,1,1,1,1,1,1,1,1,1,1,1,1,1,1,1,1,1,1,1,0,.
2651023,1,1/12/2002,1,36.1,143.7,5,9,1,1,0,1843.199951,1,0,19,2,0,36.1,7.1,0,0,0,0,0,0,0,0,0,0,0,0,0,7.1,2.5,0,0,32.5,34.8,0,0,0,0,0,2.6,1,1,1,1,1,1,1,1,1,1,1,1,1,1,1,1,1,1,1,1,1,1,1,1,1,1,1,1,1,1,1,
2651023,1,1/1/2003,1,17.3,66.1,24,8,1,1,1,,,0,0,0,14,0,0,0,0,0,0,1.7,1,0,0,0,0,8.8,0,0,0,7.8,0,0,17.3,0,0,7,8.5,0,0,0,1,1,1,1,1,1,1,1,1,1,1,1,1,1,1,1,1,1,1,1,1,1,1,1,1,1,1,1,1,1,1,.
2651023,1,1/2/2003,1,33,161.6,10,11,1,1,1,,,0,7.8,0,0,0,5.5,0,27.5,0,33,6.8,0,0,0,0,0,20.7,0,0,0,7.5,26.5,0,16.2,2.2,0,0,7.9,,,,1,1,1,1,1,1,1,1,1,1,1,1,1,1,1,1,1,1,1,1,1,1,1,1,1,1,1,1,0,0,0,....
2651023,1,1/3/2003,1,25.2,105.7,3,11,1,1,1,,,0,17.2,25.2,9.2,3.8,7,0,5.8,0,6,3.6,3.8,10.8,0,0,0,0,0,0,0,13.3,0,0,0,0,0,0,0,0,0,0,1,1,1,1,1,1,1,1,1,1,1,1,1,1,1,1,1,1,1,1,1,1,1,1,1,1,1,1,1,1,1,.
2651023,1,1/4/2003,1,33.4,72.2,19,3,1,1,1,,,0,0,0,32.7,0,0,0,0,0,6.1,0,0,0,0,0,0,0,0,33.4,0,0,0,0,0,0,0,0,0,0,0,,1,1,1,1,1,1,1,1,1,1,1,1,1,1,1,1,1,1,1,1,1,1,1,1,1,1,1,1,1,1,0,..
2651023,1,1/5/2003,1,51.7,62.7,23,2,1,1,1,,,0,11,0,0,0,0,0,0,0,0,0,0,0,0,0,0,0,0,0,0,0,0,51.7,0,0,0,0,0,0,0,0,1,1,1,1,1,1,1,1,1,1,1,1,1,1,1,1,1,1,1,1,1,1,1,1,1,1,1,1,1,1,1,.
2651023,1,1/6/2003,1,50.6,160.3,6,5,1,1,1,,,0,0,0,37.7,24.4,50.6,0,36.6,0,0,0,0,0,0,0,0,0,0,11,0,0,0,0,0,0,0,0,0,0,0,,1,1,1,1,1,1,1,1,1,1,1,1,1,1,1,1,1,1,1,1,1,1,1,1,1,1,1,1,1,1,0,..
2651023,1,1/7/2003,1,28.2,78.5,16,6,1,1,1,,,0,0,0,0,0,0,15,0,12,0,0,0,0,0,13.3,28.2,9,1,0,0,0,0,0,0,0,0,0,0,0,0,0,1,1,1,1,1,1,1,1,1,1,1,1,1,1,1,1,1,1,1,1,1,1,1,1,1,1,1,1,1,1,1,.
2651023,1,1/8/2003,1,26.5,46.7,15,3,1,1,1,,,0,0,0,0,0,5.4,0,0,0,0,0,0,0,0,26.5,0,0,0,0,0,0,0,0,0,14.8,0,0,0,0,0,0,1,1,1,1,1,1,1,1,1,1,1,1,1,1,1,1,1,1,1,1,1,1,1,1,1,1,1,1,1,1,1,.
2651023,1,1/9/2003,1,43.5,92.2,26,6,1,1,1,,,0,0,0,0,0,0,0,9.5,0,16.1,0,0,0,0,0,7.7,0,0,0,0,0,0,0,0,11.7,43.5,3.7,0,0,0,,1,1,1,1,1,1,1,1,1,1,1,1,1,1,1,1,1,1,1,1,1,1,1,1,1,1,1,1,1,1,0,..
2651023,1,1/10/2003,1,45.6,118.5,26,9,1,1,1,,,0,0,0,0,2,4.3,0,0,11.2,8.3,17.8,0,0,0,0,0,0,0,0,15.2,0,5.8,0,0,0,45.6,8.3,0,0,0,0,1,1,1,1,1,1,1,1,1,1,1,1,1,1,1,1,1,1,1,1,1,1,1,1,1,1,1,1,1,1,1,.
2651023,1,1/11/2003,1,92.6,236.6,17,8,1,1,1,,,4.6,9.1,0,0,0,0,0,0,0,0,0,0,44.5,0,0,0,92.6,0,40.2,0,0,0,0,0,22.4,21,0,2.2,0,0,,1,1,1,1,1,1,1,1,1,1,1,1,1,1,1,1,1,1,1,1,1,1,1,1,1,1,1,1,1,1,0,..
2651023,1,1/12/2003,1,122.9,508.9,31,10,1,1,1,,,0,0,0,0,4,0,0,0,22.9,0,0,71.7,0,38.3,20.5,0,37.8,0,0,0,0,76.5,90.4,0,0,0,0,0,0,23.9,122.9,1,1,1,1,1,1,1,1,1,1,1,1,1,1,1,1,1,1,1,1,1,1,1,1,1,1,1,1,1,1,1,.
2651023,1,1/1/2004,1,69.9,208.7,8,11,1,1,1,,,18.3,0,0,0,0,0,0,69.9,6.3,0,0,0,0,0,7.7,0,0,0,0,0,0,0,12,0,0,4.7,4.5,18,42.5,17,7.8,1,1,1,1,1,1,1,1,1,1,1,1,1,1,1,1,1,1,1,1,1,1,1,1,1,1,1,1,1,1,1,.
2651023,1,1/2/2004,1,32,73.5,1,6,1,1,1,,,32,0,0,9,0,0,0,0,0,0,0,0,0,14.3,9.9,0,0,0,3.9,0,0,0,0,0,0,0,4.4,0,0,,,1,1,1,1,1,1,1,1,1,1,1,1,1,1,1,1,1,1,1,1,1,1,1,1,1,1,1,1,1,0,0,...
2651023,1,1/3/2004,1,45,124.5,15,7,1,1,1,,,0,0,0,0,0,0,0,0,9.1,0,0,44,3,0,45,0,0,14,0,1.2,0,0,0,0,0,0,0,8.2,0,0,0,1,1,1,1,1,1,1,1,1,1,1,1,1,1,1,1,1,1,1,1,1,1,1,1,1,1,1,1,1,1,1,.
2651023,1,1/4/2004,1,51.1,101.2,19,5,1,1,1,,,0,0,13,0,4.4,0,0,0,0,0,0,0,0,0,0,14.6,0,0,51.1,0,0,0,0,18.1,0,0,0,0,0,0,,1,1,1,1,1,1,1,1,1,1,1,1,1,1,1,1,1,1,1,1,1,1,1,1,1,1,1,1,1,1,0,..
2651023,1,1/5/2004,1,56,265,26,11,1,1,1,,,44.5,40.5,0,15.9,7.5,0,17,8.7,0,0,0,0,29.7,0,0,0,0,0,0,0,0,19.8,0,8.4,0,56,0,0,0,0,17,1,1,1,1,1,1,1,1,1,1,1,1,1,1,1,1,1,1,1,1,1,1,1,1,1,1,1,1,1,1,1,.
2651023,1,1/6/2004,1,46,97.6,11,7,1,1,1,,,0,1.1,1,0,0,0,0,0,0,5,46,19.3,0,0,0,0,0,0,0,0,0,0,0,0,5.6,0,0,0,19.6,0,,1,1,1,1,1,1,1,1,1,1,1,1,1,1,1,1,1,1,1,1,1,1,1,1,1,1,1,1,1,1,0,..
2651023,1,1/7/2004,1,62.2,171,16,16,1,1,1,,,0,11,1,0,40.4,0,7,0,3.8,5,3.1,14,0,1.8,2.1,62.2,6,1,2.8,2.7,0,0,0,0,0,0,0,0,0,0,7.1,1,1,1,1,1,1,1,1,1,1,1,1,1,1,1,1,1,1,1,1,1,1,1,1,1,1,1,1,1,1,1,.
2651023,1,1/8/2004,1,27.6,39.1,28,2,1,1,1,,,0,0,0,0,0,0,0,0,0,0,0,0,0,0,0,0,0,0,0,0,0,0,0,0,0,0,11.5,27.6,0,0,0,1,1,1,1,1,1,1,1,1,1,1,1,1,1,1,1,1,1,1,1,1,1,1,1,1,1,1,1,1,1,1,.
2651023,1,1/9/2004,1,38.4,101.9,13,7,1,1,1,,,0,0,0,0,0,0,0,0,0,0,0,2.7,38.4,33.9,3.4,0,0,0,0,0,0,0,4.4,6.1,0,0,0,0,13,0,,1,1,1,1,1,1,1,1,1,1,1,1,1,1,1,1,1,1,1,1,1,1,1,1,1,1,1,1,1,1,0,..
2651023,1,1/10/2004,1,83.9,298.1,13,8,1,1,1,,,0,0,0,0,0,0,0,0,0,10.6,32.1,0,83.9,18.1,0,0,30,0,28.1,0,0,0,0,48,47.3,0,0,0,0,0,0,1,1,1,1,1,1,1,1,1,1,1,1,1,1,1,1,1,1,1,1,1,1,1,1,1,1,1,1,1,1,1,.
2651023,1,1/11/2004,1,77.7,215.3,11,8,1,1,1,,,39,0,0,27,0,0,0,0,0,7,77.7,5,0,0,39.2,0,7.4,0,0,0,0,0,0,0,0,0,0,0,13,0,,1,1,1,1,1,1,1,1,1,1,1,1,1,1,1,1,1,1,1,1,1,1,1,1,1,1,1,1,1,1,0,..
2651023,1,1/12/2004,1,29,74.5,23,7,1,1,1,,,0,0,0,0,0,0,5,0,0,12,0,0,0,0,0,0,8.8,12.4,0,5.8,0,0,29,1.5,0,0,0,0,0,0,0,1,1,1,1,1,1,1,1,1,1,1,1,1,1,1,1,1,1,1,1,1,1,1,1,1,1,1,1,1,1,1,.
2651023,1,1/1/2005,1,99.1,228.1,9,8,1,1,1,,,0,18,0,26.9,8.5,0,0,0,99.1,0,8.5,0,0,0,0,0,26.8,0,0,0,0,0,0,0,38.1,0,0,0,2.2,0,0,1,1,1,1,1,1,1,1,1,1,1,1,1,1,1,1,1,1,1,1,1,1,1,1,1,1,1,1,1,1,1,.
2651023,1,1/2/2005,1,12,28.3,23,4,1,1,1,,,0,0,0,0,0,0,0,0,0,0,4.5,0,0,0,0,0,0,0,0,0,0,0,12,0,7.8,0,4,0,,,,1,1,1,1,1,1,1,1,1,1,1,1,1,1,1,1,1,1,1,1,1,1,1,1,1,1,1,1,0,0,0,....
2651023,1,1/3/2005,1,55.6,95.9,14,4,1,1,1,,,0,0,0,0,0,0,0,0,0,0,0,0,0,55.6,0,0,0,0,0,0,0,20,3,17.3,0,0,0,0,0,0,0,1,1,1,1,1,1,1,1,1,1,1,1,1,1,1,1,1,1,1,1,1,1,1,1,1,1,1,1,1,1,1,.
2651023,1,1/4/2005,1,84.9,194.1,3,8,1,1,1,,,0,0,84.9,0,7.2,0,0,0,30.8,0,0,0,0,6.8,0,0,0,0,0,22.3,0,0,0,0,16.3,0,0,14.7,0,11.1,,1,1,1,1,1,1,1,1,1,1,1,1,1,1,1,1,1,1,1,1,1,1,1,1,1,1,1,1,1,1,0,..
2651023,1,1/5/2005,1,109,254.7,21,7,1,1,1,,,0,0,0,0,0,0,0,0,25,0,0,4.2,0,0,0,0,45.5,0,0,0,109,0,0,30,18,0,0,0,0,0,23,1,1,1,1,1,1,1,1,1,1,1,1,1,1,1,1,1,1,1,1,1,1,1,1,1,1,1,1,1,1,1,.
2651023,1,1/6/2005,1,66,173.2,16,6,1,1,1,,,0,0,0,0,0,0,0,0,0,0,0,0,33,9.1,25,66,8.3,31.8,0,0,0,0,0,0,0,0,0,0,0,0,,1,1,1,1,1,1,1,1,1,1,1,1,1,1,1,1,1,1,1,1,1,1,1,1,1,1,1,1,1,1,0,..
2651023,1,1/7/2005,1,59.8,113.2,22,4,1,1,1,,,0,0,0,0,25,0,0,0,0,0,0,0,0,0,0,0,26.9,0,0,0,0,59.8,1.5,0,0,0,0,0,0,0,0,1,1,1,1,1,1,1,1,1,1,1,1,1,1,1,1,1,1,1,1,1,1,1,1,1,1,1,1,1,1,1,.
2651023,1,1/8/2005,1,96,144.8,31,5,1,1,1,,,0,0,0,0,0,0,0,0,12.9,2.8,0,0,0,0,0,0,0,9.1,0,0,0,0,0,24,0,0,0,0,0,0,96,1,1,1,1,1,1,1,1,1,1,1,1,1,1,1,1,1,1,1,1,1,1,1,1,1,1,1,1,1,1,1,.
2651023,1,1/9/2005,1,48.2,285.1,5,15,1,1,1,,,34,0,0,40,48.2,0,0,0,0,0,22,11.5,18.5,27,32.7,0,1.4,18,2.5,0,0,5.9,10,0,7.7,5.7,0,0,0,0,,1,1,1,1,1,1,1,1,1,1,1,1,1,1,1,1,1,1,1,1,1,1,1,1,1,1,1,1,1,1,0,..
2651023,1,1/10/2005,1,122.7,545.1,5,17,1,1,1,,,36.1,5.2,0,0,122.7,14.7,6.5,17.8,84,0,0,0,0,0,17,18,51.5,4.7,0,0,0,7.9,0,0,0,7.5,21.1,90,23.4,0,17,1,1,1,1,1,1,1,1,1,1,1,1,1,1,1,1,1,1,1,1,1,1,1,1,1,1,1,1,1,1,1,.
2651023,1,1/11/2005,1,56.1,100.1,7,7,1,1,1,,,0,0,0,0,0,6.5,56.1,0,0,0,0,0,0,0,2.7,0,6.6,1,0,5.5,0,0,0,0,21.7,0,0,0,0,0,,1,1,1,1,1,1,1,1,1,1,1,1,1,1,1,1,1,1,1,1,1,1,1,1,1,1,1,1,1,1,0,..
2651023,1,1/12/2005,1,31.5,102.5,21,7,1,1,1,,,4.3,24.4,0,0,0,9.6,0,0,0,0,0,0,0,0,0,0,0,8,1.7,0,31.5,0,23,0,0,0,0,0,0,0,0,1,1,1,1,1,1,1,1,1,1,1,1,1,1,1,1,1,1,1,1,1,1,1,1,1,1,1,1,1,1,1,.
2651023,1,1/11/1990,1,50,200.1,9,13,1,1,1,,,2,0,43.6,20,28,4.6,0,0.8,50,5.8,0,4,0,0,0,0,21.6,0,0,0,6.8,9.9,0,0,0,0,0,3,0,0,,1,1,1,1,1,1,1,1,1,1,1,1,1,1,1,1,1,1,1,1,1,1,1,1,1,1,1,1,1,1,0,..
2651023,1,1/12/1990,1,54,186.6,13,9,1,1,1,,,0,0,15.8,0,0,6.8,0,0,0,0,0,6.6,54,33.4,0,0,0,0,0,0,0,0,0,4.8,17.4,2,0,0,45.8,0,0,1,1,1,1,1,1,1,1,1,1,1,1,1,1,1,1,1,1,1,1,1,1,1,1,1,1,1,1,1,1,1,.
2651023,1,1/1/1991,1,27.2,90.4,30,7,1,1,1,,,0,0,15,0,0,0,0,0,0,0,0,2,0,0,0,0,0,0,0,0,0,0,22.8,0,9,11.2,0,0,0,27.2,3.2,1,1,1,1,1,1,1,1,1,1,1,1,1,1,1,1,1,1,1,1,1,1,1,1,1,1,1,1,1,1,1,.
2651023,1,1/2/1991,1,11.2,37.1,13,5,1,1,1,,,0,0,0,0,8.6,0,4.6,0,2.8,9.9,0,0,11.2,0,0,0,0,0,0,0,0,0,0,0,0,0,0,0,,,,1,1,1,1,1,1,1,1,1,1,1,1,1,1,1,1,1,1,1,1,1,1,1,1,1,1,1,1,0,0,0,....
2651023,1,1/3/1991,1,51.4,161.1,31,12,1,1,1,,,19.1,21,0,0,0,0,3,0,9,0,6.6,0,17.4,3,3.2,0,0,0,24.4,0,1,2,0,0,0,0,0,0,0,0,51.4,1,1,1,1,1,1,1,1,1,1,1,1,1,1,1,1,1,1,1,1,1,1,1,1,1,1,1,1,1,1,1,.
2651023,1,1/4/1991,1,55,186.6,19,6,1,1,1,,,0,0,0,0,0,0,0,10,0,0,0,52.6,0,7,0,0,0,0,55,0,0,0,0,50,12,0,0,0,0,0,,1,1,1,1,1,1,1,1,1,1,1,1,1,1,1,1,1,1,1,1,1,1,1,1,1,1,1,1,1,1,0,..
2651023,1,1/5/1991,1,12,26.4,15,5,1,1,1,,,0,0,0,0,0,0,0,3.6,0,0,0,0,0,8.8,12,0,0,0,0,0,0,1,1,0,0,0,0,0,0,0,0,1,1,1,1,1,1,1,1,1,1,1,1,1,1,1,1,1,1,1,1,1,1,1,1,1,1,1,1,1,1,1,.
2651023,1,1/6/1991,1,80,232.2,6,8,1,1,1,,,0,0,0,0,0,80,18.8,0,3,0,0,0,0,0,0,0,0,0,12.8,60.6,0,0,41.4,0,0,0,3,12.6,0,0,,1,1,1,1,1,1,1,1,1,1,1,1,1,1,1,1,1,1,1,1,1,1,1,1,1,1,1,1,1,1,0,..
2651023,1,1/7/1991,1,22.2,29.9,11,2,1,1,1,,,0,0,0,0,0,0,0,0,0,0,22.2,0,0,0,0,7.7,0,0,0,0,0,0,0,0,0,0,0,0,0,0,0,1,1,1,1,1,1,1,1,1,1,1,1,1,1,1,1,1,1,1,1,1,1,1,1,1,1,1,1,1,1,1,.
2651023,1,1/8/1991,1,20.6,82.7,9,10,1,1,1,,,11.2,0,0,0,0,10.7,3.2,0,20.6,7.8,17.8,7.2,0,2.4,0,0,0,0,0,0,0,0,0,0,0,0,0,1,0.8,0,0,1,1,1,1,1,1,1,1,1,1,1,1,1,1,1,1,1,1,1,1,1,1,1,1,1,1,1,1,1,1,1,.
2651023,1,1/9/1991,1,23.4,53.5,28,4,1,1,1,,,0.9,0,0,0,0,0,0,0,0,0,0,0,0,0,0,0,0,0,8,0,0,0,0,0,21.2,0,0,23.4,0,0,,1,1,1,1,1,1,1,1,1,1,1,1,1,1,1,1,1,1,1,1,1,1,1,1,1,1,1,1,1,1,0,..
2651023,1,1/10/1991,1,31.4,146.6,10,11,1,1,1,,,13.4,0,0,0,15.4,25,2.6,0,9.8,31.4,0,0,0,0,0,0,3.4,0,0,0,0,0,0,0,16.8,0,1.4,21,6.4,0,0,1,1,1,1,1,1,1,1,1,1,1,1,1,1,1,1,1,1,1,1,1,1,1,1,1,1,1,1,1,1,1,.
2651023,1,1/11/1991,1,52.6,158.9,15,6,1,1,1,,,43,9.8,0,0,0,0,0,0,0,0,0,0,0,31.5,52.6,0,0,0,0,0,0,0,0,0,0,0,14,0,0,8,,1,1,1,1,1,1,1,1,1,1,1,1,1,1,1,1,1,1,1,1,1,1,1,1,1,1,1,1,1,1,0,..
2651023,1,1/12/1991,1,89.4,267.2,10,11,1,1,1,,,0,0,0,0,0,0,15.4,47.6,0,89.4,0,0,0,0,14,4,0,0,0,0,0,5.2,18.2,33.2,8.2,3.8,28.2,0,0,0,0,1,1,1,1,1,1,1,1,1,1,1,1,1,1,1,1,1,1,1,1,1,1,1,1,1,1,1,1,1,1,1,.
2651023,1,1/1/1992,1,36.8,87.4,9,9,1,1,1,,,3,10.4,1,0,0,0,0,0,36.8,0,0,8,0,0,0,0,0,0,0,0,0,10,10.2,0,0,0,1,0,0,0,7,1,1,1,1,1,1,1,1,1,1,1,1,1,1,1,1,1,1,1,1,1,1,1,1,1,1,1,1,1,1,1,.
2651023,1,1/2/1992,1,42.2,199.7,10,18,1,1,1,,,19.8,17.6,13,5,11.5,0,0,4,0,42.2,17.8,3.2,0,0,0,12,7.8,4,1.4,0,0,0,2.8,6.6,3.2,0,26.8,1,0,,,1,1,1,1,1,1,1,1,1,1,1,1,1,1,1,1,1,1,1,1,1,1,1,1,1,1,1,1,1,0,0,...
2651023,1,1/3/1992,1,25,105,10,13,1,1,1,,,0,0,0,0,3.4,0,0,3.6,0,25,5,7.2,0,0,0,9.4,3,2.4,0,0,0,0,3.8,23,4.6,0,8.6,0,6,0,0,1,1,1,1,1,1,1,1,1,1,1,1,1,1,1,1,1,1,1,1,1,1,1,1,1,1,1,1,1,1,1,.
2651023,1,1/4/1992,1,49,114.4,13,6,1,1,1,,,0,0,0,0,0,0,16.8,0,0,0,0,0,49,0,0,0,0,0,0,16.2,0,0,0,18.6,0,0,0,0,5,8.8,,1,1,1,1,1,1,1,1,1,1,1,1,1,1,1,1,1,1,1,1,1,1,1,1,1,1,1,1,1,1,0,..
2651023,1,1/5/1992,1,150,657.5,28,13,1,1,1,,,23.8,3.2,5.6,0,0,0,0,8,0,0,0,0,43.2,0,0,0,0,74.6,0,0,0,12.8,72.6,0,0,0,83.7,150,141.2,21.4,17.4,1,1,1,1,1,1,1,1,1,1,1,1,1,1,1,1,1,1,1,1,1,1,1,1,1,1,1,1,1,1,1,.
2651023,1,1/6/1992,1,117.4,236.7,30,10,1,1,1,,,0,0,0,4.5,1,8.4,0,0,28.6,17.6,0,0,0,0,0,0,0,0,0,0,0,0,0,41.4,8.4,0,0,7,2.4,117.4,,1,1,1,1,1,1,1,1,1,1,1,1,1,1,1,1,1,1,1,1,1,1,1,1,1,1,1,1,1,1,0,..
2651023,1,1/7/1992,1,45.2,151,6,10,1,1,1,,,8.8,8.8,0,0,0,45.2,0,0,0,0,0,0,0,0,4.2,18,0,22,10,0,0,11.2,0,0,0,0,0,21.9,0,0.9,0,1,1,1,1,1,1,1,1,1,1,1,1,1,1,1,1,1,1,1,1,1,1,1,1,1,1,1,1,1,1,1,.
2651023,1,1/8/1992,1,30.2,192.7,31,13,1,1,1,,,6.1,6.5,0,0,0,0,0,0,16.6,17.5,9.9,26.5,11,0,0,0,0,26.7,0.2,0,0,0,27.8,0,0,0,0,2.2,11.5,0,30.2,1,1,1,1,1,1,1,1,1,1,1,1,1,1,1,1,1,1,1,1,1,1,1,1,1,1,1,1,1,1,1,.
2651023,1,1/9/1992,1,56.6,154,25,11,1,1,1,,,0,14.3,4.3,0,13.4,0,0,0,0,0,5.5,14.5,0,0,2.3,0.8,0,14,24,0,0,0,0,4.3,56.6,0,0,0,0,0,,1,1,1,1,1,1,1,1,1,1,1,1,1,1,1,1,1,1,1,1,1,1,1,1,1,1,1,1,1,1,0,..
2651023,1,1/10/1992,1,33.3,153.5,29,13,1,1,1,,,0,0.9,5,0,0,1.7,1,2.8,9.8,0,0,31.6,11,0,0,0,17.8,16.7,0,0,11,0,0,0,0,0,10.9,0,33.3,0,0,1,1,1,1,1,1,1,1,1,1,1,1,1,1,1,1,1,1,1,1,1,1,1,1,1,1,1,1,1,1,1,.
2651023,1,1/11/1992,1,77,193,25,10,1,1,1,,,27,0,1.8,53.8,0,0,0,0,0,0,1.7,0,0,1.6,0,4.9,0,0,0,0,0,10.1,0,0,77,1.4,0,0,0,13.7,,1,1,1,1,1,1,1,1,1,1,1,1,1,1,1,1,1,1,1,1,1,1,1,1,1,1,1,1,1,1,0,..
2651023,1,1/12/1992,1,27.2,94.4,1,8,1,1,1,,,27.2,0,0,0,0,0,0,0,0,0,8.4,13.4,0,0,0,0,24.8,8,0,0,0,0,0,0,5.9,6.1,0,0.6,0,0,0,1,1,1,1,1,1,1,1,1,1,1,1,1,1,1,1,1,1,1,1,1,1,1,1,1,1,1,1,1,1,1,.
2651023,1,1/1/1993,1,42.2,206.5,10,18,1,1,1,,,0.8,0,5.5,3.4,13.4,0,0,18.3,4.9,42.2,8.7,0,0,5.9,5.3,0,6,0.6,0,32.9,16.3,0,0,0,0,3.9,26.5,0,0,3.5,8.4,1,1,1,1,1,1,1,1,1,1,1,1,1,1,1,1,1,1,1,1,1,1,1,1,1,1,1,1,1,1,1,.
2651023,1,1/2/1993,1,38.3,171.8,14,15,1,1,1,,,4,0,17.6,0,0,0,3.5,16.9,0,0,0,0,0,38.3,17.2,0,18.9,6.4,0.3,0,8.9,5.3,14.2,5.7,1.1,0,0,13.5,,,,1,1,1,1,1,1,1,1,1,1,1,1,1,1,1,1,1,1,1,1,1,1,1,1,1,1,1,1,0,0,0,....
2651023,1,1/3/1993,1,61,193.4,4,13,1,1,1,,,0,0,9,61,0,0,5.3,0,9.9,0,9.7,25.7,0,0,0,0,0,0,25.9,2.2,0,3.5,20,13.7,0,2.3,0,0,0,5.2,0,1,1,1,1,1,1,1,1,1,1,1,1,1,1,1,1,1,1,1,1,1,1,1,1,1,1,1,1,1,1,1,.
2651023,1,1/4/1993,1,25.5,121.1,9,13,1,1,1,,,14.2,9.6,1.7,0,0,3.9,0,0,25.5,0,0,0,8,0,0,0,6,5,0,0,0,16,3.6,0.9,0,0,0,4.4,22.3,0,,1,1,1,1,1,1,1,1,1,1,1,1,1,1,1,1,1,1,1,1,1,1,1,1,1,1,1,1,1,1,0,..
2651023,1,1/5/1993,1,136.9,287.8,14,9,1,1,1,,,0,0,0,0,50,5,0,0,0,0,0,6.2,23.5,136.9,0,0,0,0,0,0,0,0,0,0,0,0,0.9,0,22.5,5.3,37.5,1,1,1,1,1,1,1,1,1,1,1,1,1,1,1,1,1,1,1,1,1,1,1,1,1,1,1,1,1,1,1,.
2651023,1,1/6/1993,1,30,92.1,18,8,1,1,1,,,0,0,0,6.6,24,0,0,0,7.4,0,3.1,0,0,0,0,0,7,30,0.9,0,0,0,0,13.1,0,0,0,0,0,0,,1,1,1,1,1,1,1,1,1,1,1,1,1,1,1,1,1,1,1,1,1,1,1,1,1,1,1,1,1,1,0,..
2651023,1,1/7/1993,1,50.5,153.1,18,12,1,1,1,,,3.9,5.5,9.5,9.6,0,0,9.9,0,0,0,5,8.4,2.1,0,0,0,0,50.5,1.3,0,0,0,0,0,0,0,0,0,18.6,28.8,0,1,1,1,1,1,1,1,1,1,1,1,1,1,1,1,1,1,1,1,1,1,1,1,1,1,1,1,1,1,1,1,.
2651023,1,1/8/1993,1,9.8,12.6,18,2,1,1,1,,,0,0,0,0,0,0,0,0,0,0,0,0,0,0,0,0,0,9.8,0,0,0,0,0,2.8,0,0,0,0,0,0,0,1,1,1,1,1,1,1,1,1,1,1,1,1,1,1,1,1,1,1,1,1,1,1,1,1,1,1,1,1,1,1,.
2651023,1,1/9/1993,1,85.6,383.7,23,15,1,1,1,,,0,0,0,0,0,0,0,0,10.1,0,0,2.1,0,11.2,7.7,7.2,0,0,39.8,6.7,37.9,10.8,85.6,57,2,3.3,21,0,0,81.3,,1,1,1,1,1,1,1,1,1,1,1,1,1,1,1,1,1,1,1,1,1,1,1,1,1,1,1,1,1,1,0,..
2651023,1,1/10/1993,1,,,,,0,0,0,,,24,,,,,,,,,,,,,,,,,,,,,,,,,,,,,,,1,0,0,0,0,0,0,0,0,0,0,0,0,0,0,0,0,0,0,0,0,0,0,0,0,0,0,0,0,0,0,.................................
2651023,1,1/11/1993,1,32.4,105,26,7,1,1,1,,,0,7.9,0,0,0,29,2.4,0,0,0,0,0,0,0.5,0,0,0,29.2,0,0,0,0,0,0,0,32.4,3.6,0,0,0,,1,1,1,1,1,1,1,1,1,1,1,1,1,1,1,1,1,1,1,1,1,1,1,1,1,1,1,1,1,1,0,..
2651023,1,1/12/1993,1,50.7,231.2,1,15,1,1,1,,,50.7,0,0,0,0,12.4,6.5,26.4,17,35,1.8,0,0,4.6,36.9,4.7,0,0,0,4.2,0,0,0,0,0,0,2,24,1,4,0,1,1,1,1,1,1,1,1,1,1,1,1,1,1,1,1,1,1,1,1,1,1,1,1,1,1,1,1,1,1,1,.
2651023,1,1/1/1994,1,63.2,200.9,18,13,1,1,1,,,0,0,0,0,0,0,0,0,12.6,3.3,0,0,0,0,29.1,6.5,3.6,63.2,1.2,0,34,8.2,0,0,2.2,0,12,0,3,0,22,1,1,1,1,1,1,1,1,1,1,1,1,1,1,1,1,1,1,1,1,1,1,1,1,1,1,1,1,1,1,1,.
2651023,1,1/2/1994,1,48.8,305.9,18,20,1,1,1,,,7.1,5.7,5.3,0,12,16,37.8,0,0,16.2,31.2,19.8,0,19.8,18.9,0,2.5,48.8,2.9,0.5,22.2,13.8,18.1,0,6.1,0,1.2,0,,,,1,1,1,1,1,1,1,1,1,1,1,1,1,1,1,1,1,1,1,1,1,1,1,1,1,1,1,1,0,0,0,....
2651023,1,1/3/1994,1,18.2,42,10,7,1,1,1,,,0,0,0,0,0,0,0,4.2,0,18.2,0,5.4,0,0,0,0,0,0,0,7.7,0,1.2,0,0,2.8,0,0,0,0,0,2.5,1,1,1,1,1,1,1,1,1,1,1,1,1,1,1,1,1,1,1,1,1,1,1,1,1,1,1,1,1,1,1,.
2651023,1,1/4/1994,1,34,149.8,13,8,1,1,1,,,13.5,3.6,0,0,0,0,32,0,0,0,0,0,34,0,0,0,0,8,0,0,0,12.5,0,0,17.1,29.1,0,0,0,0,,1,1,1,1,1,1,1,1,1,1,1,1,1,1,1,1,1,1,1,1,1,1,1,1,1,1,1,1,1,1,0,..
2651023,1,1/5/1994,1,63.4,172.6,24,8,1,1,1,,,0,0,0,0,0,0,0,0,0,5.2,17.1,28.3,0.2,0,0,0,0,0,0,3,0,0,0,63.4,0,30.4,25,0,0,0,0,1,1,1,1,1,1,1,1,1,1,1,1,1,1,1,1,1,1,1,1,1,1,1,1,1,1,1,1,1,1,1,.
2651023,1,1/6/1994,1,72.2,189.3,20,9,1,1,1,,,27.8,0,0,6.8,0,0,11.3,0.5,0,0,0,0,0,0,0,0,0,0,0,72.2,45,1,0,1.7,23,0,0,0,0,0,,1,1,1,1,1,1,1,1,1,1,1,1,1,1,1,1,1,1,1,1,1,1,1,1,1,1,1,1,1,1,0,..
2651023,1,1/7/1994,1,61,209.8,2,8,1,1,1,,,0,61,19.6,14.5,8.3,0,21.5,16.5,0,0,0,0,0,0,0,0,0,0,0,0,0,0,25.4,0,0,43,0,0,0,0,0,1,1,1,1,1,1,1,1,1,1,1,1,1,1,1,1,1,1,1,1,1,1,1,1,1,1,1,1,1,1,1,.
2651023,1,1/5/1989,1,84,146.7,4,7,1,1,1,,,6,9.5,0,84,37.8,4.8,0,0,0,0,0,0,0,0,0,0,0,0,0,0,0,0,0,4,0.6,0,0,0,0,0,0,1,1,1,1,1,1,1,1,1,1,1,1,1,1,1,1,1,1,1,1,1,1,1,1,1,1,1,1,1,1,1,.
2651023,1,1/6/1989,1,21.2,89.2,7,6,1,1,1,,,0,0,8.6,0,0,0,21.2,11.2,0,0,0,0,0,0,0,0,0,0,0,0,0,0,0,20,10.2,0,0,18,0,0,,1,1,1,1,1,1,1,1,1,1,1,1,1,1,1,1,1,1,1,1,1,1,1,1,1,1,1,1,1,1,0,..
2651023,1,1/7/1989,1,66.6,226,30,8,1,1,1,,,0,51,4.2,0,6.2,0,0,0,0,0,0,0,0,0,0,0,0,0,0,0,0,0,0,0,10,32.6,0,45.4,0,66.6,10,1,1,1,1,1,1,1,1,1,1,1,1,1,1,1,1,1,1,1,1,1,1,1,1,1,1,1,1,1,1,1,.
2651023,1,1/8/1989,1,23.8,104.6,27,8,1,1,1,,,0,0,0,0,9.6,0,0,0,4,0,0,0,0,0,0,0,0,0,0,0,16.6,8.6,18.6,0,17,0,23.8,0,0,0,6.4,1,1,1,1,1,1,1,1,1,1,1,1,1,1,1,1,1,1,1,1,1,1,1,1,1,1,1,1,1,1,1,.
2651023,1,1/9/1989,1,59.6,323.2,13,13,1,1,1,,,24.5,0,0,0,0,0,9.6,18,51.4,29.4,12.8,33.8,59.6,17.4,7.4,0,0,0,0,0,0,0,0,35.9,21,0,0,0,2.4,0,,1,1,1,1,1,1,1,1,1,1,1,1,1,1,1,1,1,1,1,1,1,1,1,1,1,1,1,1,1,1,0,..
2651023,1,1/10/1989,1,65.2,196.8,26,9,1,1,1,,,0,0,0,31.4,0,0,0,1.6,0,0,15.4,38.6,0,0,0,0,1.4,0,0,0,0,0,4.2,0,0,65.2,37.4,0,0,0,1.6,1,1,1,1,1,1,1,1,1,1,1,1,1,1,1,1,1,1,1,1,1,1,1,1,1,1,1,1,1,1,1,.
2651023,1,1/11/1989,1,37.1,90.8,12,9,1,1,1,,,0,0,0,11.3,0,0,0,0,0,3.8,0.8,37.1,0,0,0,0,0,0,0,0,0,3.4,0,5.6,6,0,0,18.8,4,0,,1,1,1,1,1,1,1,1,1,1,1,1,1,1,1,1,1,1,1,1,1,1,1,1,1,1,1,1,1,1,0,..
2651023,1,1/12/1989,1,44.6,140.5,25,11,1,1,1,,,0,0,0,0,0,0,0,0,1,10,0,15.8,27,0,0,0,0,2,0,0,0,0,0,3,44.6,10.6,5,5.5,16,0,0,1,1,1,1,1,1,1,1,1,1,1,1,1,1,1,1,1,1,1,1,1,1,1,1,1,1,1,1,1,1,1,.
2651023,1,1/1/1990,1,31.2,274.9,9,19,1,1,1,,,0,26.1,13,0,4.4,0,0,13.2,31.2,10,7.6,0,0,17,7,0,12.4,0,24.4,4.8,21.6,20,27.6,3,12,13,6.6,0,0,0,0,1,1,1,1,1,1,1,1,1,1,1,1,1,1,1,1,1,1,1,1,1,1,1,1,1,1,1,1,1,1,1,.
2651023,1,1/8/1994,1,4.3,8.5,10,2,1,1,1,,,0,0,4.2,0,0,0,0,0,0,4.3,0,0,0,0,0,0,0,0,0,0,0,0,0,0,0,0,0,0,0,0,0,1,1,1,1,1,1,1,1,1,1,1,1,1,1,1,1,1,1,1,1,1,1,1,1,1,1,1,1,1,1,1,.
2651023,1,1/9/1994,1,30.2,108.5,14,7,1,1,1,,,0,0,1.9,0,0,0,8.5,18.5,0,0,0,0,0,30.2,29.6,0,0,0,0,0,0,0,0,0,0,0,12.6,0,0,7.2,,1,1,1,1,1,1,1,1,1,1,1,1,1,1,1,1,1,1,1,1,1,1,1,1,1,1,1,1,1,1,0,..
2651023,1,1/10/1994,1,32,170,27,15,1,1,1,,,6.6,7.8,15.6,3,0,0,0,0,0,0,0,0,0,2.4,0,0,0,4.5,18.7,27.1,7.7,30,3.7,3.7,4.2,3,32,0,0,0,0,1,1,1,1,1,1,1,1,1,1,1,1,1,1,1,1,1,1,1,1,1,1,1,1,1,1,1,1,1,1,1,.
2651023,1,1/11/1994,1,61.6,241,6,12,1,1,1,,,10,15,0,0,6.7,61.6,25,0,30,0,0,0,0,6.2,0,0,3.5,27,0,5,0,0,0,0,0,0,0,33.4,17.6,0,,1,1,1,1,1,1,1,1,1,1,1,1,1,1,1,1,1,1,1,1,1,1,1,1,1,1,1,1,1,1,0,..
2651023,1,1/12/1994,1,75.6,185.3,30,7,1,1,1,,,0,0,2.9,0,13,0,17.4,0,0,0,0,0,0,0,0,0,0,4,0,0,0,0,0,0,0,0,0,10,0,75.6,62.4,1,1,1,1,1,1,1,1,1,1,1,1,1,1,1,1,1,1,1,1,1,1,1,1,1,1,1,1,1,1,1,.
2651023,1,1/1/1995,1,88,353.8,13,17,1,1,1,,,25.4,3.9,25.8,1,16.1,0,71.4,0,29.1,24.9,0,7,88,1.1,0,11.5,5,17.2,5,0,0,0,0,0,0,14.4,0,7,0,0,0,1,1,1,1,1,1,1,1,1,1,1,1,1,1,1,1,1,1,1,1,1,1,1,1,1,1,1,1,1,1,1,.
2651023,1,1/2/1995,1,32,181.4,3,11,1,1,1,,,7.1,23.4,32,0,0,7.7,0,0,0,19.8,24.8,0,0,23,0,0,0,0,7.4,0,0,0,9,19.4,0,0,7.8,0,,,,1,1,1,1,1,1,1,1,1,1,1,1,1,1,1,1,1,1,1,1,1,1,1,1,1,1,1,1,0,0,0,....
2651023,1,1/3/1995,1,48.9,116.2,30,6,1,1,1,,,0,0,9.5,0,8,0,0,0,5.5,0,0,0,0,0,0,0,0,0,0,0,0,0,1.3,43,0,0,0,0,0,48.9,0,1,1,1,1,1,1,1,1,1,1,1,1,1,1,1,1,1,1,1,1,1,1,1,1,1,1,1,1,1,1,1,.
2651023,1,1/4/1995,1,65.6,103,20,4,1,1,1,,,16.6,0,0,0,0,0,0,0,0,0,0,0,0,0,0,0,0,19.6,0,65.6,0,0,0,0,0,0,1.2,0,0,0,,1,1,1,1,1,1,1,1,1,1,1,1,1,1,1,1,1,1,1,1,1,1,1,1,1,1,1,1,1,1,0,..
2651023,1,1/2/1996,1,34.9,162.8,11,16,1,1,1,,,4.3,0,0,0,5.3,18,0,0,23.8,3.4,34.9,20,0,0,0,17.8,4,13,1,2.7,3.6,2.8,0,0,0,5.2,0,3,0,,,1,1,1,1,1,1,1,1,1,1,1,1,1,1,1,1,1,1,1,1,1,1,1,1,1,1,1,1,1,0,0,...
2651023,1,1/3/1996,1,60,260.9,27,15,1,1,1,,,1.1,0,29.9,0,1.6,0,0,2,6.7,3,0,0,0,0,23,0,12,0,8.5,0,0,31.3,0,3.6,0,0,60,39.4,0,24.4,14.4,1,1,1,1,1,1,1,1,1,1,1,1,1,1,1,1,1,1,1,1,1,1,1,1,1,1,1,1,1,1,1,.
2651023,1,1/4/1996,1,15.4,46,16,8,1,1,1,,,5,2.5,0,7.5,0,0,0,1.3,0,5.5,0,0,0,0,0,15.4,4,0,0,0,0,0,0,0,0,0,0,0,0,4.8,,1,1,1,1,1,1,1,1,1,1,1,1,1,1,1,1,1,1,1,1,1,1,1,1,1,1,1,1,1,1,0,..
2651023,1,1/5/1996,1,13,21.6,24,3,1,1,1,,,0,5.1,0,0,0,0,0,0,0,0,0,0,0,0,0,0,0,0,0,0,0,0,0,13,0,3.5,0,0,0,0,0,1,1,1,1,1,1,1,1,1,1,1,1,1,1,1,1,1,1,1,1,1,1,1,1,1,1,1,1,1,1,1,.
2651023,1,1/6/1996,1,100.4,250.2,18,9,1,1,1,,,7.9,0,0,0,0,0,0,0,0,0,0,0,0,0,0,0,50.4,100.4,43.2,4,0.7,0,0,0,4.8,0,37.8,1,0,0,,1,1,1,1,1,1,1,1,1,1,1,1,1,1,1,1,1,1,1,1,1,1,1,1,1,1,1,1,1,1,0,..
2651023,1,1/7/1996,1,80,186.9,9,7,1,1,1,,,0,0,10,0,0,0,57.8,24,80,1,0,0,0,0,0,0,0,0,0,0,4.5,0,0,0,0,0,9.6,0,0,0,0,1,1,1,1,1,1,1,1,1,1,1,1,1,1,1,1,1,1,1,1,1,1,1,1,1,1,1,1,1,1,1,.
2651023,1,1/8/1996,1,48.5,119.9,9,5,1,1,1,,,0,0,0,0,0,0,0,9.9,48.5,0,0,0,0,5,45,0,0,0,0,0,0,0,0,0,0,0,0,0,0,0,11.5,1,1,1,1,1,1,1,1,1,1,1,1,1,1,1,1,1,1,1,1,1,1,1,1,1,1,1,1,1,1,1,.
2651023,1,1/9/1996,1,55,231.2,4,12,1,1,1,,,30.5,0,3,55,0,0,0,13.4,13,0,0,0,0,0,0,0,9.6,0,0,0,0,0,0,14.6,51.2,13.2,13.8,9.6,4.3,0,,1,1,1,1,1,1,1,1,1,1,1,1,1,1,1,1,1,1,1,1,1,1,1,1,1,1,1,1,1,1,0,..
2651023,1,1/10/1996,1,107.6,303.5,20,15,1,1,1,,,0,0,10.5,0,0,2,0,0,0,8.6,11.3,10.5,63.7,8,0,0,0,0,26.8,107.6,2.8,2,7.5,0,35.8,0.5,0,0,0,0,5.9,1,1,1,1,1,1,1,1,1,1,1,1,1,1,1,1,1,1,1,1,1,1,1,1,1,1,1,1,1,1,1,.
2651023,1,1/8/1997,1,73,260.6,3,8,1,1,1,,,0,56.2,73,48.6,0,0,37.1,2.2,0,0,0,0,0,0,0,0,0,0,0,0,22.2,16.8,4.5,0,0,0,0,0,0,0,0,1,1,1,1,1,1,1,1,1,1,1,1,1,1,1,1,1,1,1,1,1,1,1,1,1,1,1,1,1,1,1,.
2651023,1,1/9/1997,1,65,192.3,29,9,1,1,1,,,0,0,0.8,0,11.9,16.9,0,0,0,0,0,0,0,17.2,22.8,0,0,0,0,0,41.6,0,0,0,0,9,0,0,65,7.1,,1,1,1,1,1,1,1,1,1,1,1,1,1,1,1,1,1,1,1,1,1,1,1,1,1,1,1,1,1,1,0,..
2651023,1,1/10/1997,1,63.8,392.1,11,16,1,1,1,,,23.6,11.3,1.1,0,0,45.5,5.5,0,19,33.1,63.8,29.9,0,0,0,0,6.9,0,0,39.3,20,8.9,0,0,1,0,0,0,0,28.8,54.4,1,1,1,1,1,1,1,1,1,1,1,1,1,1,1,1,1,1,1,1,1,1,1,1,1,1,1,1,1,1,1,.
2651023,1,1/11/1997,1,96.2,326.2,7,15,1,1,1,,,27.6,0,21,3.2,0,19.9,96.2,0,0,0,23,10,23.1,17.5,0,0,3.5,11,0,0,0,30.4,0,0,4,3.6,32.2,0,0,0,,1,1,1,1,1,1,1,1,1,1,1,1,1,1,1,1,1,1,1,1,1,1,1,1,1,1,1,1,1,1,0,..
2651023,1,1/12/1997,1,27,165.8,14,17,1,1,1,,,0,7.7,0,0,6,0,2.9,12.9,0,0,11.2,9.6,17,27,8.1,1,0,0,0,0,0,0,0,8.3,7.6,8.2,0,0.3,15.6,2.4,20,1,1,1,1,1,1,1,1,1,1,1,1,1,1,1,1,1,1,1,1,1,1,1,1,1,1,1,1,1,1,1,.
2651023,1,1/1/1998,1,60.4,238.6,7,12,1,1,1,,,0,9.5,0.8,39.5,11.1,0,60.4,3,0,0,0,0,0,0,0,37.5,0,0,0,0,0,0,0,0,35.5,0,20.4,0,4.8,8.1,8,1,1,1,1,1,1,1,1,1,1,1,1,1,1,1,1,1,1,1,1,1,1,1,1,1,1,1,1,1,1,1,.
2651023,1,1/2/1998,1,50.2,112.8,1,8,1,1,1,,,50.2,12.5,3.1,0,0,0,0,0,0,8.5,0,0,0,0,0,0,0,0,0,0,0,15.6,0,0,7.8,0,9.7,5.4,,,,1,1,1,1,1,1,1,1,1,1,1,1,1,1,1,1,1,1,1,1,1,1,1,1,1,1,1,1,0,0,0,....
2651023,1,1/3/1998,1,93.5,418.8,18,16,1,1,1,,,0,0,0,0,0,25,26.6,0,0,8.5,0,41.3,5.6,13.7,17.8,0,26.5,93.5,20,0,0,0,0.7,9.1,17.5,0,0,0,45,38.1,29.9,1,1,1,1,1,1,1,1,1,1,1,1,1,1,1,1,1,1,1,1,1,1,1,1,1,1,1,1,1,1,1,.
2651023,1,1/4/1998,1,104.1,517.3,1,12,1,1,1,,,104.1,9.2,0,0,0,0,30,0,2.3,0,0,0,0,0,6,23.5,23,0,0,0,0,0,97,48.7,0,0,83,87,3.5,0,,1,1,1,1,1,1,1,1,1,1,1,1,1,1,1,1,1,1,1,1,1,1,1,1,1,1,1,1,1,1,0,..
2651023,1,1/5/1998,1,38.5,104.6,14,5,1,1,1,,,0,0,0,0,3,0,0,0,0,0,0,0,0,38.5,38.5,0,0,0,0,0,0,0,0,0,0,0,22.8,0,0,0,1.8,1,1,1,1,1,1,1,1,1,1,1,1,1,1,1,1,1,1,1,1,1,1,1,1,1,1,1,1,1,1,1,.
2651023,1,1/6/1998,1,48.4,82.4,19,4,1,1,1,,,0,0,0,0,0,0,0,0,0,0,0,5.4,0,0,0,0,8.6,0,48.4,0,0,0,0,20,0,0,0,0,0,0,,1,1,1,1,1,1,1,1,1,1,1,1,1,1,1,1,1,1,1,1,1,1,1,1,1,1,1,1,1,1,0,..
2651023,1,1/7/1998,1,45,170.2,8,9,1,1,1,,,0,19.9,18,5.8,0,0,0,45,34.2,0,0,0,0,0,0,0,0,0,17.7,0,12.2,0,11.5,0,0,0,0,0,5.9,0,0,1,1,1,1,1,1,1,1,1,1,1,1,1,1,1,1,1,1,1,1,1,1,1,1,1,1,1,1,1,1,1,.
2651023,1,1/8/1998,1,76.7,326,14,12,1,1,1,,,0.5,22,0,0,19.6,0,0,0,0,0,0,0,48,76.7,0,0,5.3,37,23.5,0,50.7,39.2,2.8,0,0,0,0.7,0,0,0,0,1,1,1,1,1,1,1,1,1,1,1,1,1,1,1,1,1,1,1,1,1,1,1,1,1,1,1,1,1,1,1,.
2651023,1,1/9/1998,1,40,300.6,19,15,1,1,1,,,0,0,0,16.1,35.5,0,23,18,0,0,0,0,16.5,19,25,0,0,7.5,40,29.9,8,0,0,0,6.9,0,26.4,20,8.8,0,,1,1,1,1,1,1,1,1,1,1,1,1,1,1,1,1,1,1,1,1,1,1,1,1,1,1,1,1,1,1,0,..
2651023,1,1/10/1998,1,83,345.3,26,11,1,1,1,,,18,0,9,62.3,0,48.9,2.6,0,0,60,0,0,0,0,0,0,53,0,0,0,0,0,0,4.8,2,83,0,0,0,1.7,0,1,1,1,1,1,1,1,1,1,1,1,1,1,1,1,1,1,1,1,1,1,1,1,1,1,1,1,1,1,1,1,.
2651023,1,1/11/1998,1,21.8,47.1,10,6,1,1,1,,,2.8,0,0,11,0,0,0,2.3,0,21.8,7.1,0,0,0,0,0,0,0,0,0,0,0,2.1,0,0,0,0,0,0,0,,1,1,1,1,1,1,1,1,1,1,1,1,1,1,1,1,1,1,1,1,1,1,1,1,1,1,1,1,1,1,0,..
2651023,1,1/12/1998,1,76,250.7,4,9,1,1,1,,,0,0,0,76,47,0,0,0,0,18,37,0,0,0,40.9,1.8,11.2,0,0,0,0,13.2,0,0,0,0,0,0,5.6,0,0,1,1,1,1,1,1,1,1,1,1,1,1,1,1,1,1,1,1,1,1,1,1,1,1,1,1,1,1,1,1,1,.
2651023,1,1/1/1999,1,46,148.2,5,13,1,1,1,,,0,0,0,0,46,0,0,0,3.2,0,0,20,0,0,1.6,0,0,0,7.3,22.4,3.5,3.7,4,0,23.7,0,5.5,3.5,3.8,0,0,1,1,1,1,1,1,1,1,1,1,1,1,1,1,1,1,1,1,1,1,1,1,1,1,1,1,1,1,1,1,1,.
2651023,1,1/2/1990,1,28.8,114,11,9,1,1,1,,,3.2,0,0,0,0,0,0,17,0,4.8,28.8,16.2,2.4,14.2,0,0,0,0,0,0,0,16.2,11.2,0,0,0,0,0,,,,1,1,1,1,1,1,1,1,1,1,1,1,1,1,1,1,1,1,1,1,1,1,1,1,1,1,1,1,0,0,0,....
2651023,1,1/3/1990,1,63.2,211.4,4,11,1,1,1,,,0,0,0,63.2,0,3,0,15.6,0,0,1.4,0,0,0,12,0,2.6,0,0,0,0,7.8,16,9,0,0,20.8,0,0,60,0,1,1,1,1,1,1,1,1,1,1,1,1,1,1,1,1,1,1,1,1,1,1,1,1,1,1,1,1,1,1,1,.
2651023,1,1/4/1990,1,66,261.4,28,13,1,1,1,,,32.2,0,3.2,0,0,0,6.8,30.2,33,0,0,0,3.8,13,0,0,5.6,0,0,0,4,2.8,0,0,0,0,0,66,58.6,2.2,,1,1,1,1,1,1,1,1,1,1,1,1,1,1,1,1,1,1,1,1,1,1,1,1,1,1,1,1,1,1,0,..
2651023,1,1/5/1990,1,50.4,195.2,29,7,1,1,1,,,0,0,0,0,0,0,0,0,0,0,33.8,0,0,0,0,9.8,31.6,4,0,0,0,0,0,0,0,0,0,0,50.4,40.6,25,1,1,1,1,1,1,1,1,1,1,1,1,1,1,1,1,1,1,1,1,1,1,1,1,1,1,1,1,1,1,1,.
2651023,1,1/6/1990,1,79.2,278,3,11,1,1,1,,,42.6,13.2,79.2,3.6,2.2,42.6,0,0,0,0,0,0,0,34.2,30.2,25,0,0,0,0,0,0,0,0,4.2,1,0,0,0,0,,1,1,1,1,1,1,1,1,1,1,1,1,1,1,1,1,1,1,1,1,1,1,1,1,1,1,1,1,1,1,0,..
2651023,1,1/7/1990,1,60.5,235.5,21,11,1,1,1,,,0,0,0,11,0,9,0,0,0,0,0,0,0,0,0,54.4,30.8,39.4,13,0,60.5,0,0,8.2,1,0,2.2,6,0,0,0,1,1,1,1,1,1,1,1,1,1,1,1,1,1,1,1,1,1,1,1,1,1,1,1,1,1,1,1,1,1,1,.
2651023,1,1/8/1990,1,81,163.3,19,6,1,1,1,,,0,0,0,0,0,0,0,0,0,0,0,0,0,0,0,25,9,0,81,23,0,0,0,0,0,8.6,16.7,0,0,0,0,1,1,1,1,1,1,1,1,1,1,1,1,1,1,1,1,1,1,1,1,1,1,1,1,1,1,1,1,1,1,1,.
2651023,1,1/9/1990,1,51,257.8,13,10,1,1,1,,,20,0,0,0,18,0,49,4.2,0,0,0,10,51,0,0,0,0,0,0,0,41.2,0,24,0,0,0,0,0,29.4,11,,1,1,1,1,1,1,1,1,1,1,1,1,1,1,1,1,1,1,1,1,1,1,1,1,1,1,1,1,1,1,0,..
2651023,1,1/10/1990,1,40.2,222.6,15,12,1,1,1,,,0,12,0,0,0,0,24,0,29.4,8.8,0,0,30.4,18.8,40.2,0,0,30,1.8,2.4,6.8,0,0,0,0,0,0,0,0,0,18,1,1,1,1,1,1,1,1,1,1,1,1,1,1,1,1,1,1,1,1,1,1,1,1,1,1,1,1,1,1,1,.
2651023,1,1/5/1995,1,8.2,12.7,7,3,1,1,1,,,0,0,0,0,0,0,8.2,0,0,0,3.2,0,0,0,0,0,1.3,0,0,0,0,0,0,0,0,0,0,0,0,0,0,1,1,1,1,1,1,1,1,1,1,1,1,1,1,1,1,1,1,1,1,1,1,1,1,1,1,1,1,1,1,1,.
2651023,1,1/6/1995,1,55,158.2,10,7,1,1,1,,,0,0,0,0,0,0,0,22.4,0,55,7.4,0,0.4,0,0,0,13.2,0,0,0,0,0,0,0,43.4,0,0,0,16.4,0,,1,1,1,1,1,1,1,1,1,1,1,1,1,1,1,1,1,1,1,1,1,1,1,1,1,1,1,1,1,1,0,..
2651023,1,1/7/1995,1,56.3,119,7,4,1,1,1,,,0,0,0,22.8,0,0,56.3,35,0,0,0,0,0,0,0,0,0,0,0,4.9,0,0,0,0,0,0,0,0,0,0,0,1,1,1,1,1,1,1,1,1,1,1,1,1,1,1,1,1,1,1,1,1,1,1,1,1,1,1,1,1,1,1,.
2651023,1,1/8/1995,1,36,38.7,4,3,1,1,1,,,0,0,0,36,0,0,0,0,0,0,0,0,0,0,0,0,0,0,0,0.7,2,0,0,0,0,0,0,0,0,0,0,1,1,1,1,1,1,1,1,1,1,1,1,1,1,1,1,1,1,1,1,1,1,1,1,1,1,1,1,1,1,1,.
2651023,1,1/9/1995,1,68,254.5,24,9,1,1,1,,,0,0,0,0,0,0,0,0,0,0,0,0,1.2,0,0,0,0,0,0,43.4,0,0,24,68,32.3,13.4,52.2,18,2,0,,1,1,1,1,1,1,1,1,1,1,1,1,1,1,1,1,1,1,1,1,1,1,1,1,1,1,1,1,1,1,0,..
2651023,1,1/10/1995,1,55.4,221.3,14,10,1,1,1,,,0,22,0,0,36.6,26.6,0,0,0.9,0,0,0,0,55.4,0,0,5.2,0,0,25.2,0,0,0,0,0,0,5.4,30,14,0,0,1,1,1,1,1,1,1,1,1,1,1,1,1,1,1,1,1,1,1,1,1,1,1,1,1,1,1,1,1,1,1,.
2651023,1,1/11/1995,1,27.7,59.9,14,6,1,1,1,,,0,0,0,0,0,0,0,0,0,5,0,1.9,0,27.7,3.3,0,0,0,0,0,0,0,0,0,6.1,0,15.9,0,0,0,,1,1,1,1,1,1,1,1,1,1,1,1,1,1,1,1,1,1,1,1,1,1,1,1,1,1,1,1,1,1,0,..
2651023,1,1/12/1995,1,30.3,124,12,10,1,1,1,,,0,0,6.2,13.3,5.4,0,0,28,0,0,0,30.3,20.3,0,0,0,0,0,0,0,0,1.7,0,0,0,0,4.7,7.1,7,0,0,1,1,1,1,1,1,1,1,1,1,1,1,1,1,1,1,1,1,1,1,1,1,1,1,1,1,1,1,1,1,1,.
2651023,1,1/1/1996,1,57.4,271.7,18,17,1,1,1,,,0,31.6,0,0,2.8,14,0,0,12.9,0,0,0,0,13.3,12.2,31.6,34,57.4,5.1,0,6.4,4.6,12,0,0,11.2,0,14.1,7.2,0,1.3,1,1,1,1,1,1,1,1,1,1,1,1,1,1,1,1,1,1,1,1,1,1,1,1,1,1,1,1,1,1,1,.
2651023,1,1/11/1996,1,58.3,112,3,11,1,1,1,,,3.1,0.7,58.3,0,0,0,0,4.2,13.4,6.1,0,3.5,3.1,3.9,0,12.6,3.1,0,0,0,0,0,0,0,0,0,0,0,0,0,,1,1,1,1,1,1,1,1,1,1,1,1,1,1,1,1,1,1,1,1,1,1,1,1,1,1,1,1,1,1,0,..
2651023,1,1/12/1996,1,77,225.9,11,15,1,1,1,,,0,0,0,1,0,9.4,10.2,0,0,0,77,1.5,15,0,0,0,8.3,4.1,0,22,0,61,5.3,0,1,0,0,2.1,5,0,3,1,1,1,1,1,1,1,1,1,1,1,1,1,1,1,1,1,1,1,1,1,1,1,1,1,1,1,1,1,1,1,.
2651023,1,1/1/1997,1,30.3,130.8,20,13,1,1,1,,,5,1,0,0,6,0,0,0,0,18.9,1,0,6.6,13.2,0,0,0,0,0,30.3,8,14.5,0,0,0,0,4.4,0,0,10.2,11.7,1,1,1,1,1,1,1,1,1,1,1,1,1,1,1,1,1,1,1,1,1,1,1,1,1,1,1,1,1,1,1,.
2651023,1,1/2/1997,1,59.2,339.1,1,16,1,1,1,,,59.2,44,0,0,7.7,0,0,0,0,0,0,44,5.7,10.6,19.1,7.7,45,57,0,21.9,2.9,5.5,0,3.1,3.1,2.6,0,0,,,,1,1,1,1,1,1,1,1,1,1,1,1,1,1,1,1,1,1,1,1,1,1,1,1,1,1,1,1,0,0,0,....
2651023,1,1/3/1997,1,25,77.7,5,6,1,1,1,,,0,0,0,0,25,18.9,0,0,0,0,0.5,0,17.3,0,8.5,7.5,0,0,0,0,0,0,0,0,0,0,0,0,0,0,0,1,1,1,1,1,1,1,1,1,1,1,1,1,1,1,1,1,1,1,1,1,1,1,1,1,1,1,1,1,1,1,.
2651023,1,1/4/1997,1,31.7,99.3,18,6,1,1,1,,,0,2.3,0,0,15.4,0,0,0,0,0,0,0,0,0,0,0,13.6,31.7,0,28.8,0,0,0,0,7.5,0,0,0,0,0,,1,1,1,1,1,1,1,1,1,1,1,1,1,1,1,1,1,1,1,1,1,1,1,1,1,1,1,1,1,1,0,..
2651023,1,1/5/1997,1,75.5,160.8,22,4,1,1,1,,,0,0,0,0,0,0,0,0,0,0,0,0,0,0,0,0,0,0,0,0,37,75.5,0,0,15,0,0,33.3,0,0,0,1,1,1,1,1,1,1,1,1,1,1,1,1,1,1,1,1,1,1,1,1,1,1,1,1,1,1,1,1,1,1,.
2651023,1,1/6/1997,1,114.2,212.4,20,7,1,1,1,,,0,0,0,0,0,4.2,0,0,0,0,0,4.9,0,51.6,0,0,0,0,0,114.2,0,0,0,0,0,25.6,9,0,0,2.9,,1,1,1,1,1,1,1,1,1,1,1,1,1,1,1,1,1,1,1,1,1,1,1,1,1,1,1,1,1,1,0,..
2651023,1,1/7/1997,1,44.1,96.5,20,7,1,1,1,,,0,1.8,1.8,0,0,0,0,0,0,0,0,0,0,0,0,0,30,3.2,7.1,44.1,8.5,0,0,0,0,0,0,0,0,0,0,1,1,1,1,1,1,1,1,1,1,1,1,1,1,1,1,1,1,1,1,1,1,1,1,1,1,1,1,1,1,1,.
2651023,1,1/2/1999,1,27.2,159.3,9,14,1,1,1,,,0,0,12.4,0,0,0,6.5,0,27.2,16.7,0,0,0,22,6,0,15.5,0,0,9.5,5.9,6,20,2.8,0,0,5.3,3.5,,,,1,1,1,1,1,1,1,1,1,1,1,1,1,1,1,1,1,1,1,1,1,1,1,1,1,1,1,1,0,0,0,....
2651023,1,1/3/1999,1,15.8,61.6,31,9,1,1,1,,,0,0,0,0,0,0,0,0,0,3.5,0,3,0,0,0,0,0,0,0,0,3.5,11.2,5,11.9,0,0,4.1,0,3.6,0,15.8,1,1,1,1,1,1,1,1,1,1,1,1,1,1,1,1,1,1,1,1,1,1,1,1,1,1,1,1,1,1,1,.
2651023,1,1/4/1999,1,50.5,151.7,16,9,1,1,1,,,3.5,34.5,0.8,0,0,0,7.7,19.8,0,0,0,10.6,16.5,7.8,0,50.5,0,0,0,0,0,0,0,0,0,0,0,0,0,0,,1,1,1,1,1,1,1,1,1,1,1,1,1,1,1,1,1,1,1,1,1,1,1,1,1,1,1,1,1,1,0,..
2651023,1,1/5/1999,1,48.4,130.8,29,6,1,1,1,,,14.1,0,0,0,0,27.5,0,0,0,0,0,0,0,0,0,0,0,0.6,0,0,0,0,0,0,0,0,31.7,0,48.4,8.5,0,1,1,1,1,1,1,1,1,1,1,1,1,1,1,1,1,1,1,1,1,1,1,1,1,1,1,1,1,1,1,1,.
2651023,1,1/6/1999,1,67.7,211.5,18,11,1,1,1,,,0,0,0,0,0,0,0,0,1.8,51.1,0,0,32.8,3.1,9.2,0,0,67.7,3.6,0.9,11,0,0,0,24.3,0,0,0,6,0,,1,1,1,1,1,1,1,1,1,1,1,1,1,1,1,1,1,1,1,1,1,1,1,1,1,1,1,1,1,1,0,..
2651023,1,1/7/1999,1,90.7,207,3,9,1,1,1,,,0,2.6,90.7,51,6.8,4.9,19.1,0,0,0,0,0,0,0,0,0,0,0,0,12,2.1,0,0,0,0,0,0,17.8,0,0,0,1,1,1,1,1,1,1,1,1,1,1,1,1,1,1,1,1,1,1,1,1,1,1,1,1,1,1,1,1,1,1,.
2651023,1,1/8/1999,1,6.7,11.5,8,3,1,1,1,,,0,0,0,0,0,0,0,6.7,0,0,0,0,1.7,0,0,0,0,0,0,0,0,0,0,0,0,0,0,0,3.1,0,0,1,1,1,1,1,1,1,1,1,1,1,1,1,1,1,1,1,1,1,1,1,1,1,1,1,1,1,1,1,1,1,.
2651023,1,1/9/1999,1,44.9,126.9,15,7,1,1,1,,,0,0,0,0,0,8,0,0,21,25.1,4.1,0,0,12.8,44.9,0,0,0,0,0,0,0,0,0,0,0,0,0,0,11,,1,1,1,1,1,1,1,1,1,1,1,1,1,1,1,1,1,1,1,1,1,1,1,1,1,1,1,1,1,1,0,..
2651023,1,1/10/1999,1,88,310.7,8,9,1,1,1,,,0,28.5,16,0,0,0,0,88,0,0,0,0,0,0,14.6,82.5,60.9,0,0,0,0,0,0,0,1.2,0,0,14.1,0,4.9,0,1,1,1,1,1,1,1,1,1,1,1,1,1,1,1,1,1,1,1,1,1,1,1,1,1,1,1,1,1,1,1,.
2651023,1,1/8/2000,1,47.7,91.4,27,5,1,1,1,,,0,0,0,0,0,0,0,0,0,0,0,0,0,0,0,21.2,0,18.9,0,0,0,0,0,0,0,0,47.7,1.8,0,0,1.8,1,1,1,1,1,1,1,1,1,1,1,1,1,1,1,1,1,1,1,1,1,1,1,1,1,1,1,1,1,1,1,.
2651023,1,1/9/2000,1,88,382.2,12,14,1,1,1,,,2.3,0,0,0,0,0,0,0,0,0,18.8,88,35.6,23.7,70,23.2,16.4,5.5,6.5,16.1,0,0,12.9,36.6,26.6,0,0,0,0,0,,1,1,1,1,1,1,1,1,1,1,1,1,1,1,1,1,1,1,1,1,1,1,1,1,1,1,1,1,1,1,0,..
2651023,1,1/10/2000,1,65,248,14,9,1,1,1,,,0,38.6,0,0,12.2,0,0,0,0,23.3,8.5,0,0,65,9.1,15.9,0,38.8,0,0,0,0,0,0,0,0,36.6,0,0,0,0,1,1,1,1,1,1,1,1,1,1,1,1,1,1,1,1,1,1,1,1,1,1,1,1,1,1,1,1,1,1,1,.
2651023,1,1/11/2000,1,76.8,139.2,21,9,1,1,1,,,0,0,17,0,0,0,0,0,9,0,0,0,1.5,0,0,0,0,0.5,12.5,0,76.8,6.5,0,0,8,0,0,0,0,7.4,,1,1,1,1,1,1,1,1,1,1,1,1,1,1,1,1,1,1,1,1,1,1,1,1,1,1,1,1,1,1,0,..
2651023,1,1/12/2000,1,32.9,104.3,30,12,1,1,1,,,3.4,0,0,0,1.8,0,0,0,0,0,0,0,1.2,1,10.6,20.5,0,0,0,0,1.5,0,7,9.5,6.7,0,0,0,8.2,32.9,0,1,1,1,1,1,1,1,1,1,1,1,1,1,1,1,1,1,1,1,1,1,1,1,1,1,1,1,1,1,1,1,.
2651023,1,1/1/2001,1,47,357.4,28,19,1,1,1,,,0,0,3.2,0,0,0,9.8,0,0,0,4.4,37.5,2,0,45.2,0,0,8.8,0,14.9,37.4,1.2,14.5,36.7,8,27.8,13.2,47,0.7,16.1,29,1,1,1,1,1,1,1,1,1,1,1,1,1,1,1,1,1,1,1,1,1,1,1,1,1,1,1,1,1,1,1,.
2651023,1,1/2/2001,1,52.3,333.2,19,19,1,1,1,,,13.2,0,13.8,24.1,1,18.8,0,0,0,1,9.3,13.5,26,33.3,3.4,3.5,0,13.2,52.3,40,24.5,0,11.5,11,19.8,0,0,0,,,,1,1,1,1,1,1,1,1,1,1,1,1,1,1,1,1,1,1,1,1,1,1,1,1,1,1,1,1,0,0,0,....
2651023,1,1/3/2001,1,67.8,203.2,18,15,1,1,1,,,0,0,0,0,7,5.2,0,3.5,13.8,2,14.3,0,0,0,8.7,2.8,0,67.8,2,0,0,12,0,0,0,0,8.5,2.2,24.8,28.6,0,1,1,1,1,1,1,1,1,1,1,1,1,1,1,1,1,1,1,1,1,1,1,1,1,1,1,1,1,1,1,1,.
2651023,1,1/4/2001,1,34.9,111.2,2,8,1,1,1,,,0,34.9,0,0,0,0,0,0,0,22.7,0,0,0,0,0,0,0,0,0,0,13.2,1.8,2,30.1,1,5.5,0,0,0,0,,1,1,1,1,1,1,1,1,1,1,1,1,1,1,1,1,1,1,1,1,1,1,1,1,1,1,1,1,1,1,0,..
2651023,1,1/11/1999,1,19.2,51.4,12,6,1,1,1,,,0,1.8,0,5,18.8,0,0,0,0,0,0,19.2,3.7,0,0,0,0,0,0,0,0,0,0,2.9,0,0,0,0,0,0,,1,1,1,1,1,1,1,1,1,1,1,1,1,1,1,1,1,1,1,1,1,1,1,1,1,1,1,1,1,1,0,..
2651023,1,1/12/1999,1,30,164.8,31,13,1,1,1,,,0,0,11,7,0,0,14.2,0,20.1,11.6,6,0,21.1,2.6,0,0,0,0,0,2.5,16.4,0,14.8,0,0,0,0,7.5,0,0,30,1,1,1,1,1,1,1,1,1,1,1,1,1,1,1,1,1,1,1,1,1,1,1,1,1,1,1,1,1,1,1,.
2651023,1,1/1/2000,1,30,126.6,31,11,1,1,1,,,16.2,0,3.2,7.3,0,0,0,2.5,0,0,25,0.9,0,0,0,3.7,0,0,0,0,0,0,0,27.5,6.7,3.6,0,0,0,0,30,1,1,1,1,1,1,1,1,1,1,1,1,1,1,1,1,1,1,1,1,1,1,1,1,1,1,1,1,1,1,1,.
2651023,1,1/2/2000,1,40,174.9,1,12,1,1,1,,,40,0,0,11.1,0,0,2,0,0,0,0,0,0,34.8,32.5,19.3,2.7,0,0,0,0,7.2,3.7,0,2,16,3.6,0,0,,,1,1,1,1,1,1,1,1,1,1,1,1,1,1,1,1,1,1,1,1,1,1,1,1,1,1,1,1,1,0,0,...
2651023,1,1/3/2000,1,21.6,82.6,28,9,1,1,1,,,0,0,0,7.8,4.9,8.5,2.3,0,0,0,0,0,0,0,0,7.5,0,0,7.6,0,0,0,0,0,21.5,0,0,21.6,0.9,0,0,1,1,1,1,1,1,1,1,1,1,1,1,1,1,1,1,1,1,1,1,1,1,1,1,1,1,1,1,1,1,1,.
2651023,1,1/4/2000,1,39.6,103.3,19,6,1,1,1,,,0,4.9,0,0,0,0,0,0,0,0,0,0,4.7,0,0,0,12.8,39.2,39.6,0,0,0,0,0,0,2.1,0,0,0,0,,1,1,1,1,1,1,1,1,1,1,1,1,1,1,1,1,1,1,1,1,1,1,1,1,1,1,1,1,1,1,0,..
2651023,1,1/5/2000,1,65.2,130,4,7,1,1,1,,,0,2,0,65.2,24,14,0,0,0,0,0,0,0,0,0,0,14.7,1.1,0,0,0,0,0,0,0,9,0,0,0,0,0,1,1,1,1,1,1,1,1,1,1,1,1,1,1,1,1,1,1,1,1,1,1,1,1,1,1,1,1,1,1,1,.
2651023,1,1/6/2000,1,27,112.7,19,10,1,1,1,,,0,0,0,0,6,0,0,0,0,0,0,0,0,12.7,0,0,5.8,5,27,5.1,0,0,0,0,0,10,18.9,1,0,21.2,,1,1,1,1,1,1,1,1,1,1,1,1,1,1,1,1,1,1,1,1,1,1,1,1,1,1,1,1,1,1,0,..
2651023,1,1/7/2000,1,48.6,130,10,7,1,1,1,,,0,0,18,0,0,0,0,0,0,48.6,14.9,4.9,0,0,3.5,0,0,0,0,0,0,0,36,0,0,0,0,0,0,4.1,0,1,1,1,1,1,1,1,1,1,1,1,1,1,1,1,1,1,1,1,1,1,1,1,1,1,1,1,1,1,1,1,.
2651023,1,1/5/2001,1,63.3,170.5,28,10,1,1,1,,,0,0,0,9.1,7.7,0,0,0,0,0,7.6,0,0,0,0,24,5.6,0,0,1,7.7,43,0,0,0,0,0,63.3,1.5,0,0,1,1,1,1,1,1,1,1,1,1,1,1,1,1,1,1,1,1,1,1,1,1,1,1,1,1,1,1,1,1,1,.
2651023,1,1/6/2001,1,71.8,145,26,9,1,1,1,,,0,0,0,0,0,0.8,32.2,1,0,0,0,0,0,0,0,0,12.2,0,8,8.8,0,0,0,0,8.8,71.8,1.4,0,0,0,,1,1,1,1,1,1,1,1,1,1,1,1,1,1,1,1,1,1,1,1,1,1,1,1,1,1,1,1,1,1,0,..
2651023,1,1/7/2001,1,48.6,130,19,7,1,1,1,,,0,0,18,0,0,0,0,0,0,0,0,36,0,0,3.5,0,0,0,48.6,0,0,0,0,0,0,14.9,4.9,0,0,4.1,0,1,1,1,1,1,1,1,1,1,1,1,1,1,1,1,1,1,1,1,1,1,1,1,1,1,1,1,1,1,1,1,.
2651023,1,1/8/2001,1,67.1,113,27,5,1,1,1,,,0,0,0,0,0,0,0,0,0,0,0,0,0,0,0,0,0,0,0,0,0,0,0,0,3,4.4,67.1,13.9,24.6,0,0,1,1,1,1,1,1,1,1,1,1,1,1,1,1,1,1,1,1,1,1,1,1,1,1,1,1,1,1,1,1,1,.
2651023,1,1/9/2001,1,49,161.9,29,12,1,1,1,,,0,0,0,0,6,11.2,0,0,11.1,0,1.1,0,0,8.9,6.1,0,0,0,0,0,0,24.2,10.9,0,5.7,0,0,15.5,49,12.2,,1,1,1,1,1,1,1,1,1,1,1,1,1,1,1,1,1,1,1,1,1,1,1,1,1,1,1,1,1,1,0,..
2651023,1,1/10/2001,1,119.7,320,1,9,1,1,1,,,119.7,3,0,0,0,0,0,75,34.5,0,0,0,0,0,22.3,3.4,13.1,0,0,47.7,0,1.3,0,0,0,0,0,0,0,0,0,1,1,1,1,1,1,1,1,1,1,1,1,1,1,1,1,1,1,1,1,1,1,1,1,1,1,1,1,1,1,1,.
2651023,1,1/11/2001,1,74.6,172.3,11,9,1,1,1,,,0,0,0,0,3,0,0,11.5,0,0,74.6,0,0,9.5,8.3,0,0,0,0,0,0,0,18,0,0,0,32.4,0,1,14,,1,1,1,1,1,1,1,1,1,1,1,1,1,1,1,1,1,1,1,1,1,1,1,1,1,1,1,1,1,1,0,..
2651023,1,1/12/2001,1,47.4,219.4,16,12,1,1,1,,,3.3,0,0,0,24,33.1,0,0,0,0,3.6,0,7.7,9.5,35.6,47.4,0,0,0,0,0,8.3,33.3,1,0,0,0,0,0,12.6,0,1,1,1,1,1,1,1,1,1,1,1,1,1,1,1,1,1,1,1,1,1,1,1,1,1,1,1,1,1,1,1,.
2651023,1,1/1/1988,1,17,102.7,6,10,1,1,1,,,0,0,0,0,0,17,0,0,7.5,0,0,0,0,14.6,11.6,0,6.8,6.8,0,1,0,0,13.4,0,0,0,11,0,0,0,13,1,1,1,1,1,1,1,1,1,1,1,1,1,1,1,1,1,1,1,1,1,1,1,1,1,1,1,1,1,1,1,.
2651023,1,1/2/1988,1,39.6,141.8,1,12,1,1,1,,,39.6,0,0,0,0,0,13.6,0,12,9.2,4.6,0,0,12.4,12.4,0,5.4,0,0,0,0,0,0,0,16.2,8.6,3,0,4.8,,,1,1,1,1,1,1,1,1,1,1,1,1,1,1,1,1,1,1,1,1,1,1,1,1,1,1,1,1,1,0,0,...
2651023,1,1/3/1988,1,47.6,116.6,2,4,1,1,1,,,45.4,47.6,20.6,0,0,0,0,0,0,0,0,0,0,0,0,0,0,3,0,0,0,0,0,0,0,0,0,0,0,0,0,1,1,1,1,1,1,1,1,1,1,1,1,1,1,1,1,1,1,1,1,1,1,1,1,1,1,1,1,1,1,1,.
2651023,1,1/4/1988,1,45.8,141.6,26,11,1,1,1,,,3,0,0,0,5.2,0,0,19.4,0,0,0,0,23.4,0,0,0,0,2.8,0,0,0,8.8,11,3.8,0,45.8,14,4.4,0,0,,1,1,1,1,1,1,1,1,1,1,1,1,1,1,1,1,1,1,1,1,1,1,1,1,1,1,1,1,1,1,0,..
2651023,1,1/5/1988,1,66,406,13,13,1,1,1,,,0,60.8,34,24.4,0,1.6,6.8,41.6,0,0,0,0,66,0,0,0,40.4,0,0,0,19.8,17.6,63.4,21.6,0,0,0,0,0,8,0,1,1,1,1,1,1,1,1,1,1,1,1,1,1,1,1,1,1,1,1,1,1,1,1,1,1,1,1,1,1,1,.
2651023,1,1/6/1988,1,57.2,143.6,20,10,1,1,1,,,0,0,0,11,0,0,0,0,3.2,2.2,0,0,17.2,18,0,0,0,0,14,57.2,0,0,1,17.2,0,0,0,2.6,0,0,,1,1,1,1,1,1,1,1,1,1,1,1,1,1,1,1,1,1,1,1,1,1,1,1,1,1,1,1,1,1,0,..
2651023,1,1/7/1988,1,2.4,4.6,7,2,1,1,1,,,0,0,0,0,0,0,2.4,0,0,2.2,0,0,0,0,0,0,0,0,0,0,0,0,0,0,0,0,0,0,0,0,0,1,1,1,1,1,1,1,1,1,1,1,1,1,1,1,1,1,1,1,1,1,1,1,1,1,1,1,1,1,1,1,.
2651023,1,1/8/1988,1,17.2,22.4,18,3,1,1,1,,,0,0,0,0,0,0,0,0,2,0,0,0,0,0,0,0,0,17.2,0,0,3.2,0,0,0,0,0,0,0,0,0,0,1,1,1,1,1,1,1,1,1,1,1,1,1,1,1,1,1,1,1,1,1,1,1,1,1,1,1,1,1,1,1,.
2651023,1,1/9/1988,1,29.6,71.9,21,5,1,1,1,,,0,0,0,0,0,0,0,0,0,0,0,0,0,7.7,0,0,25.8,6.8,0,0,29.6,2,0,0,0,0,0,0,0,0,,1,1,1,1,1,1,1,1,1,1,1,1,1,1,1,1,1,1,1,1,1,1,1,1,1,1,1,1,1,1,0,..
2651023,1,1/10/1988,1,105.4,291.4,26,10,1,1,1,,,0,1,2.8,20,0,0,0,0,0,11.4,0,15,0,0,0,0,0,0,2,51.6,0,0,68.4,0,0,105.4,0,0,0,13.8,0,1,1,1,1,1,1,1,1,1,1,1,1,1,1,1,1,1,1,1,1,1,1,1,1,1,1,1,1,1,1,1,.
2651023,1,1/11/1988,1,17.8,47.2,1,7,1,1,1,,,17.8,0,0,0,0,0,0,0,0,0,0,0,8.6,2.2,0,0,0,0,1.6,2.2,0,6.4,0,0,0,0,8.4,0,0,0,,1,1,1,1,1,1,1,1,1,1,1,1,1,1,1,1,1,1,1,1,1,1,1,1,1,1,1,1,1,1,0,..
2651023,1,1/12/1988,1,80.2,345.6,28,13,1,1,1,,,20.4,1.6,0,0,0,0,0.6,0,0,14.8,0,79.4,0,14.2,0,0,0,0,47.8,17,7.2,0,15.6,0,0,0,0,80.2,17,29.8,0,1,1,1,1,1,1,1,1,1,1,1,1,1,1,1,1,1,1,1,1,1,1,1,1,1,1,1,1,1,1,1,.
2651023,1,1/1/1989,1,50,316.8,15,17,1,1,1,,,0,0,0,0,7.2,19.3,20.2,13.2,15.6,0,0,0,2,0,50,0,0,0,0,0,21.6,14.8,0,23.2,1.8,16.6,33.8,15.4,15.3,11,35.8,1,1,1,1,1,1,1,1,1,1,1,1,1,1,1,1,1,1,1,1,1,1,1,1,1,1,1,1,1,1,1,.
2651023,1,1/2/1989,1,26.8,191.4,14,16,1,1,1,,,21.8,2.4,18,5.2,0,0,0,0,15.8,0,0,0,0,26.8,12,24.8,7,0,10.2,0,10.4,3.2,13.2,15.4,4.4,0,0,0.8,,,,1,1,1,1,1,1,1,1,1,1,1,1,1,1,1,1,1,1,1,1,1,1,1,1,1,1,1,1,0,0,0,....
2651023,1,1/3/1989,1,33.4,165,3,11,1,1,1,,,5.8,0,33.4,3,0,0,9.8,0,9.8,0,0,0,0,0,0,0,0,0,14,26.8,4.6,0,0,0,0,33.2,0.5,0,0,0,24.1,1,1,1,1,1,1,1,1,1,1,1,1,1,1,1,1,1,1,1,1,1,1,1,1,1,1,1,1,1,1,1,.
2651023,1,1/4/1989,1,34.8,134.7,18,9,1,1,1,,,8.4,8.2,0,0,26.6,8.6,0,0,0,0,0,4,0,0,0,0,0,34.8,0,0,0,0,0,0,0,0,21.6,0,10,12.5,,1,1,1,1,1,1,1,1,1,1,1,1,1,1,1,1,1,1,1,1,1,1,1,1,1,1,1,1,1,1,0,..
2651023,1,1/1/2006,1,66,185.8,23,14,1,1,1,,,12,0,0,0,3.5,0,13.5,0,1.5,0,0,0,5.5,1.8,0,0,0,0,17.3,8.1,8.4,20.6,66,0,10,12.2,5.4,0,0,0,0,1,1,1,1,1,1,1,1,1,1,1,1,1,1,1,1,1,1,1,1,1,1,1,1,1,1,1,1,1,1,1,.
2651023,1,1/2/2006,1,23.2,141.2,2,11,1,1,1,,,4.6,23.2,0,16.7,15,22.3,0,0,0,12,3,0,0,8,0,0,10,0,14.2,0,12.2,0,0,0,0,0,0,0,,,,1,1,1,1,1,1,1,1,1,1,1,1,1,1,1,1,1,1,1,1,1,1,1,1,1,1,1,1,0,0,0,....
2651023,1,1/3/2006,1,58.8,166.3,20,11,1,1,1,,,0,17.9,2.8,3,0,0,0,0,0,3.5,0,0,0,0,0,1.5,0,0,0,58.8,13.5,12.7,3,4.3,0,0,0,0,45.3,0,0,1,1,1,1,1,1,1,1,1,1,1,1,1,1,1,1,1,1,1,1,1,1,1,1,1,1,1,1,1,1,1,.
2651023,1,1/4/2006,1,24.4,44.9,10,3,1,1,1,,,0,0,0,0,0,0,0,0,0,24.4,0,0,0,0,0,8,0,0,0,0,0,12.5,0,0,0,0,0,0,0,0,,1,1,1,1,1,1,1,1,1,1,1,1,1,1,1,1,1,1,1,1,1,1,1,1,1,1,1,1,1,1,0,..
2651023,1,1/5/2006,1,4.1,9.4,21,3,1,1,1,,,0,0,0,0,0,0,0,0,1.8,0,0,0,0,0,0,0,0,0,0,3.5,4.1,0,0,0,0,0,0,0,0,0,0,1,1,1,1,1,1,1,1,1,1,1,1,1,1,1,1,1,1,1,1,1,1,1,1,1,1,1,1,1,1,1,.
2651023,1,1/6/2006,1,27.4,38.1,26,3,1,1,1,,,0,0,0,4.2,0,0,0,0,0,0,6.5,0,0,0,0,0,0,0,0,0,0,0,0,0,0,27.4,0,0,0,0,,1,1,1,1,1,1,1,1,1,1,1,1,1,1,1,1,1,1,1,1,1,1,1,1,1,1,1,1,1,1,0,..
2651023,1,1/7/2006,1,21.9,42.7,29,4,1,1,1,,,0,2.9,0,0,0,0,0,0,0,10,0,0,0,0,0,0,0,0,0,0,0,0,0,0,0,0,0,7.9,21.9,0,0,1,1,1,1,1,1,1,1,1,1,1,1,1,1,1,1,1,1,1,1,1,1,1,1,1,1,1,1,1,1,1,.
2651023,1,1/8/2006,1,52,104.8,16,4,1,1,1,,,0,0,0,0,0,0,0,0,0,0,0,0,0,0,0,52,29,9.8,0,0,0,0,0,0,0,0,14,0,0,0,0,1,1,1,1,1,1,1,1,1,1,1,1,1,1,1,1,1,1,1,1,1,1,1,1,1,1,1,1,1,1,1,.
2651023,1,1/9/2006,1,43.3,162.8,20,10,1,1,1,,,14.4,42.7,0,0,0,0,0,0,23,4,0,0,0,0,0,8.5,4.8,0,0,43.3,2.2,0,0,14.3,0,0,0,0,5.6,0,,1,1,1,1,1,1,1,1,1,1,1,1,1,1,1,1,1,1,1,1,1,1,1,1,1,1,1,1,1,1,0,..
2651023,1,1/10/2006,1,36.7,74.8,2,6,1,1,1,,,0,36.7,0,0,0,10,0,0,0,0,0,4.4,0,0,0,11.2,0,0,3.6,0,0,0,0,0,0,0,0,0,0,8.9,0,1,1,1,1,1,1,1,1,1,1,1,1,1,1,1,1,1,1,1,1,1,1,1,1,1,1,1,1,1,1,1,.
2651023,1,1/11/2006,1,48.2,184.1,7,10,1,1,1,,,22.2,0,0,3.2,0,0,48.2,0,0,0,0,0,0,0,0,0,0,5.5,26.3,2.4,0,0,2.8,0,24.1,0,24.4,25,0,0,,1,1,1,1,1,1,1,1,1,1,1,1,1,1,1,1,1,1,1,1,1,1,1,1,1,1,1,1,1,1,0,..
2651023,1,1/12/2006,1,44,194.9,20,13,1,1,1,,,0,0,0,0,10.7,0,0,9.8,2,0,1,0,0,0,5.6,0,0,9.6,0,44,21.9,9.8,7.5,8,37.5,27.5,0,0,0,0,0,1,1,1,1,1,1,1,1,1,1,1,1,1,1,1,1,1,1,1,1,1,1,1,1,1,1,1,1,1,1,1,.
2651023,1,1/1/2007,1,54.3,216.1,20,11,1,1,1,0,,0,20.5,37.8,17.5,0,9.6,12.8,0,7.8,0,0,13.7,0,0,0,0,0,11.4,0,54.3,0,0,0,0,0,0,0,0,7.3,0,23.4,,,,,,,,,,,,,,,,,,,,,,,,,,,,,,,,.
2651023,1,1/2/2007,1,56.6,149,20,8,1,1,1,0,,1.2,0,0,0,13.4,0,1.9,0,0,0,0,0,0,0,0,0,0,18.2,0,56.6,14.5,18,0,0,0,25.2,0,0,,,,,,,,,,,,,,,,,,,,,,,,,,,,,,,,,,,....
2651023,1,1/3/2007,1,43.2,157.7,26,8,1,1,1,0,,0,0,11.2,3.5,0,0,0,0,0,0,0,0,18,26.9,0,9,23.2,0,0,0,0,0,0,0,0,43.2,22.7,0,0,0,0,,,,,,,,,,,,,,,,,,,,,,,,,,,,,,,,.
2651023,1,1/4/2007,1,129.5,320.6,26,11,1,1,1,0,,8,4.9,0,0,0,9.4,20.8,5.7,0,0,0,0,13.5,0,34.4,0,0,0,0,0,0,0,0,7.1,59.5,129.5,0,27.8,0,0,,,,,,,,,,,,,,,,,,,,,,,,,,,,,,,,,..
2651023,1,1/5/2007,1,82.2,285.1,22,8,1,1,1,0,,0,0,3.9,0,0,0,0,52.4,5.5,0,0,0,0,25.6,0,0,38,11.7,0,0,65.8,82.2,0,0,0,0,0,0,0,0,0,,,,,,,,,,,,,,,,,,,,,,,,,,,,,,,,.
2651023,1,1/6/2007,1,23.2,31,2,2,1,1,1,0,,0,23.2,0,0,0,0,0,0,0,0,0,0,0,0,0,0,0,0,0,0,0,0,0,0,0,0,0,7.8,0,0,,,,,,,,,,,,,,,,,,,,,,,,,,,,,,,,,..
2651023,1,1/7/2007,1,43.3,131.2,23,8,1,1,1,0,,0,0,0,0,0,0,0,0,20,0,0,0,16,8.7,1,0,0,17.8,0,0,0,0,43.3,0,18.7,0,0,0,0,0,5.7,,,,,,,,,,,,,,,,,,,,,,,,,,,,,,,,.
2651023,1,1/8/2007,1,9.7,24.2,27,3,1,1,1,0,,0,0,0,0,0,0,0,0,0,0,0,0,0,0,0,0,0,0,0,0,0,0,0,0,0,0,9.7,0,5.3,0,9.2,,,,,,,,,,,,,,,,,,,,,,,,,,,,,,,,.
2651023,1,1/9/2007,1,8.3,12.9,23,3,1,1,1,0,,0,0,0,0,0,0,0,0,0,0,0,0,0,0,0,0,0,0,0,2.8,0,0,8.3,1.8,0,0,0,0,0,0,,,,,,,,,,,,,,,,,,,,,,,,,,,,,,,,,..
2651023,1,1/10/2007,1,30,133.3,13,8,1,1,1,0,,0,0,0,0,0,0,0,0,0,0,15.9,6.2,30,0,16,23.8,17.8,0,0,0,0,13.8,0,0,0,0,0,0,9.8,0,0,,,,,,,,,,,,,,,,,,,,,,,,,,,,,,,,.
2651023,1,1/11/2007,1,82,233.1,15,9,1,1,1,0,,2.8,37,29.1,0,0,0,0,0,0,43.9,16.1,0,0,0,82,0,0,0,18.8,0,0,0,0,0,0,2.4,0,0,0,1,,,,,,,,,,,,,,,,,,,,,,,,,,,,,,,,,..
2651023,1,1/12/2007,1,62.2,275.7,12,12,1,1,1,0,,0,0,0,0,9.2,45.5,54.5,0,0,0,0,62.2,0,0,0,0,0,0,12.5,0,0,0,2.5,10.5,0,15,8.5,18.5,0,24.5,12.3,,,,,,,,,,,,,,,,,,,,,,,,,,,,,,,,.
2651023,1,1/1/2008,1,17,101.9,31,9,1,1,1,0,,15.5,14,9,9.2,0,0,0,2.8,0,0,0,0,0,0,0,0,0,0,16.6,8,9.8,0,0,0,0,0,0,0,0,0,17,,,,,,,,,,,,,,,,,,,,,,,,,,,,,,,,.
2651023,1,1/2/2008,1,30,118.9,29,10,1,1,1,0,,0,6.2,0,0,0,0,0,19.3,2.7,6.2,9.1,0,0,0,0,0,0,13.4,0,17,7.5,0,0,7.5,0,0,0,0,30,,,,,,,,,,,,,,,,,,,,,,,,,,,,,,,,,,...
2651023,1,1/3/2008,1,72,204.8,13,7,1,1,1,0,,14.8,7.2,0,0,0,0,0,0,0,0,36,46,72,0,0,0,0,0,0,12.8,0,0,16,0,0,0,0,0,0,0,0,,,,,,,,,,,,,,,,,,,,,,,,,,,,,,,,.
2651023,1,1/4/2008,1,80,218.3,29,7,1,1,1,0,,0,0,0,0,0,0,0,0,0,0,0,17.8,18.3,37,0,0,45.2,0,0,15,0,0,0,0,0,0,0,5,80,0,,,,,,,,,,,,,,,,,,,,,,,,,,,,,,,,,..
2651023,1,1/5/2008,1,44,93.6,27,5,1,1,1,0,,0,11,30,0,0,4.2,0,0,0,0,0,0,0,0,0,0,0,0,0,0,0,0,0,0,0,0,44,0,4.4,0,0,,,,,,,,,,,,,,,,,,,,,,,,,,,,,,,,.
2651023,1,1/6/2008,1,44.4,177,4,8,1,1,1,0,,0,2.5,0,44.4,0,0,0,0,0,7.5,0,0,30,30.3,7.8,0,0,0,0,0,0,0,0,0,0,0,24.5,0,30,0,,,,,,,,,,,,,,,,,,,,,,,,,,,,,,,,,..
2651023,1,1/7/2008,1,37.7,39.9,25,2,1,1,1,0,,0,0,0,2.2,0,0,0,0,0,0,0,0,0,0,0,0,0,0,0,0,0,0,0,0,37.7,0,0,0,0,0,0,,,,,,,,,,,,,,,,,,,,,,,,,,,,,,,,.
2651023,1,1/8/2008,1,40.2,151.9,15,9,1,1,1,0,,0,16,0,0,0,0,35.5,0,3.6,22,0,0,19.7,0,40.2,0,6.6,0,0,0,0,0,3,0,0,0,0,0,5.3,0,0,,,,,,,,,,,,,,,,,,,,,,,,,,,,,,,,.
2651023,1,1/9/2008,1,34.3,134.4,12,6,1,1,1,0,,0,0,0,0,0,33.3,0,4.5,0,0,0,34.3,23.3,0,0,0,0,0,0,0,19.5,0,0,0,0,0,0,0,0,19.5,,,,,,,,,,,,,,,,,,,,,,,,,,,,,,,,,..
2651023,1,1/10/2008,1,83.3,314.2,5,8,1,1,1,0,,3.7,1.9,0,0,83.3,0,0,0,0,0,0,7,0,0,0,0,0,83.3,0,0,0,0,0,46.5,0,0,11.8,0,0,0,76.7,,,,,,,,,,,,,,,,,,,,,,,,,,,,,,,,.
2651023,1,1/11/2008,1,71.1,130.9,2,4,1,1,1,0,,0,71.1,0,0,0,13.5,0,0,0,0,0,45.1,0,1.2,0,0,0,0,0,0,0,0,0,0,0,0,0,0,0,0,,,,,,,,,,,,,,,,,,,,,,,,,,,,,,,,,..
2651023,1,1/3/2009,1,42,51,9,3,1,1,1,0,,0,0,0,0,0,0,0,0,42,0,0,2.5,0,0,0,0,0,0,0,0,0,0,0,0,6.5,0,0,0,0,0,0,,,,,,,,,,,,,,,,,,,,,,,,,,,,,,,,.
2651023,1,1/4/2009,1,43,64,22,2,1,1,1,0,,0,0,0,0,0,21,0,0,0,0,0,0,0,0,0,0,0,0,0,0,0,43,0,0,0,0,0,0,0,0,,,,,,,,,,,,,,,,,,,,,,,,,,,,,,,,,..
2651023,1,1/12/2008,1,36,80,15,5,1,1,1,0,,7.1,0,0,0,0,0,0,0,0,9.1,0,0,0,0,36,10.8,0,0,0,0,0,0,0,0,17,0,0,0,0,0,0,1,,,,,,,,,,,,,,,,,,,,,,,,,,,,,,,.
2651023,1,1/1/2009,1,68.2,245.1,1,11,1,1,1,0,,68.2,0,3,0,0,0,0,0,0,32.6,19,0.9,0,0,5,0,5.2,0,22,23.5,0,0,0,0,0,0,0,0,54.7,11,0,,,,,,,,,,,,,,,,,,,,,,,,,,,,,,,,.
2651023,1,1/2/2009,1,33,134.4,28,7,1,1,1,0,,0,0,26.1,0,0,0,0,0,0,3,17.4,0,0,0,0,0,18.3,0,0,0,0,23.6,0,0,13,0,0,33,,,,,,,,,,,,,,,,,,,,,,,,,,,,,,,,,,,....
2651023,1,1/5/2009,1,47.3,143.7,15,5,1,1,1,0,,0,0,0,0,0,0,0,0,0,0,0,0,18.9,0,47.3,0,0,0,0,0,0,0,0,0,44,0,0,12.5,0,21,0,,,,,,,,,,,,,,,,,,,,,,,,,,,,,,,,.
2651023,1,1/6/2009,1,45.6,141.1,25,7,1,1,1,0,,16.5,0,0,0,0,0,0,8,6.3,0,0,0,0,0,0,38,0,0,0,0,0,0,0,0,45.6,0,7.8,0,0,18.9,,,,,,,,,,,,,,,,,,,,,,,,,,,,,,,,,..
2651023,1,1/7/2009,1,47,167.7,12,9,1,1,1,0,,0,7,0,0,0,0,0,8.3,0,10,38,47,0,0,0,0,4.7,0,0,0,0,9,13.7,0,0,0,0,0,0,0,30,,,,,,,,,,,,,,,,,,,,,,,,,,,,,,,,.
2651023,1,1/8/2009,1,45.5,148.2,2,7,1,1,1,0,,28.5,45.5,0,0,0,0,0,0,0.9,0.9,0,0,0,0,0,0,0,39,24,9.4,0,0,0,0,0,0,0,0,0,0,0,,,,,,,,,,,,,,,,,,,,,,,,,,,,,,,,.
2651023,1,1/9/2009,1,74.5,316.7,8,21,1,1,1,0,,0,7.5,5,0,0,0,0,74.5,28.5,12.3,14.2,9.6,5.2,4.6,13.4,5.1,6.3,6.9,2.8,0,0,1.6,12.2,12,0,16,12,48,19,0,,,,,,,,,,,,,,,,,,,,,,,,,,,,,,,,,..
2651023,1,1/10/2009,1,48.1,256.6,12,13,1,1,1,0,,30,0,0,0,0,13.4,2.8,8.6,0,0,0,48.1,0,0,16.1,11.1,32.7,27.6,0,3.1,0,32.4,0,0,28.2,0,2.5,0,0,0,0,,,,,,,,,,,,,,,,,,,,,,,,,,,,,,,,.
2651023,1,1/1/2010,1,45.6,349.6,22,22,1,1,1,,,0,7.8,0,3.2,11.3,10.1,9.3,4.3,4.3,11.2,42.8,19,1.8,4.4,0.3,0,0,27,0,0.8,21,45.6,29.5,0,0,12.5,37.6,15.8,30,0,0,1,1,1,1,1,1,1,1,1,1,1,1,1,1,1,1,1,1,1,1,1,1,1,1,1,1,1,1,1,1,1,.
2651023,1,1/5/2010,1,50,212.9,17,12,1,1,1,,,0,0,0,0,3,0,13.1,43.2,0,0,0,8,0,0,0,0.8,50,50,30,2,0,0,0,4.4,1.1,0,0,0,0,0,7.3,1,1,1,1,1,1,1,1,1,1,1,1,1,1,1,1,1,1,1,1,1,1,1,1,1,1,1,1,1,1,1,.
2651023,1,1/9/2010,1,21,73.7,23,8,1,1,1,,,0,0,0,0,0,0,0,0,0,0,0,0,0,0,0,0,0,0,0,0,13,0,21,17,4.2,3.6,2,10.1,0,2.8,,1,1,1,1,1,1,1,1,1,1,1,1,1,1,1,1,1,1,1,1,1,1,1,1,1,1,1,1,1,1,0,..
2651023,1,1/2/2010,1,48.4,169.6,17,13,1,1,1,,,10.9,0,0,0,0,0,0,0,0.8,14.3,15.6,16.1,0,12.3,0,14.6,48.4,3,0,0,0,0,10.3,12.5,8.6,0,0,2.2,,,,1,1,1,1,1,1,1,1,1,1,1,1,1,1,1,1,1,1,1,1,1,1,1,1,1,1,1,1,0,,,....
2651023,1,1/6/2010,1,42,74.3,5,6,1,1,1,,,2.1,0,0,8,42,0,0,0,0,0,0,0,0,0,0,0,0,0,0,0,6,16,0,0,0,0,0.2,0,0,0,,1,1,1,1,1,1,1,1,1,1,1,1,1,1,1,1,1,1,1,1,1,1,1,1,1,1,1,1,1,1,0,..
2651023,1,1/10/2010,1,64.2,239.1,30,10,1,1,1,,,0,44.1,0,0,10.9,0,32.2,12.1,0,0,0,0,0,0,23,40.3,0,4,0,0,0,0,0,4.8,0,0,0,0,0,64.2,3.5,1,1,1,1,1,1,1,1,1,1,1,1,1,1,1,1,1,1,1,1,1,1,1,1,1,1,1,1,1,1,1,.
2651023,1,1/4/2010,1,136.5,328.7,23,8,1,1,1,,,0,0,0,5.3,0,32,0,0,0,0,0,0,0,0,0,0,0,0,0,0,0,49.8,136.5,12.2,41.4,36.2,15.3,0,0,0,,1,1,1,1,1,1,1,1,1,1,1,1,1,1,1,1,1,1,1,1,1,1,1,1,1,1,1,1,1,1,0,..
2651023,1,1/8/2010,1,31.2,92.4,4,5,1,1,1,,,16.2,0,8.3,31.2,23.9,0,0,0,0,0,0,0,12.8,0,0,0,0,0,0,0,0,0,0,0,0,0,0,0,0,0,0,1,1,1,1,1,1,1,1,1,1,1,1,1,1,1,1,1,1,1,1,1,1,1,1,1,1,1,1,1,1,1,.
2651023,1,1/12/2010,1,48.4,254.7,5,19,1,1,1,,,0,36.8,19.2,5.4,48.4,24.2,0,3.2,0,0,12.6,28,17,7.6,0,4.6,18.6,0,0,5,10,1.6,5,0,0,1.2,0,3.5,2.8,0,0,1,1,1,1,1,1,1,1,1,1,1,1,1,1,1,1,1,1,1,1,1,1,1,1,1,1,1,1,1,1,1,.
2651023,1,1/11/2010,1,42.7,134.7,25,10,1,1,1,,,0,0,0,0,0,16.8,0,0,0,41.3,0,0,0,0,5.2,0,6.8,0,0,0,0,2.7,3.7,0,42.7,3.2,0,0,4.5,7.8,,1,1,1,1,1,1,1,1,1,1,1,1,1,1,1,1,1,1,1,1,1,1,1,1,1,1,1,1,1,1,0,..
2651023,1,1/7/2010,1,44,196.9,17,11,1,1,1,,,0,0,0,0,0,0,0,0,0,11,0,0,35.2,4,0,36,44,23.2,16.3,20.2,0,1,3,3,0,0,0,0,0,0,0,1,1,1,1,1,1,1,1,1,1,1,1,1,1,1,1,1,1,1,1,1,1,1,1,1,1,1,1,1,1,1,.
2651023,1,1/3/2010,1,71,287.5,24,12,1,1,1,,,0,0,0,0,0,0.4,0,8,2,0,0,0,0,70.2,8,0,0,0,0,2.2,0,10,0,71,18.5,21.2,0,62,14,0,0,1,1,1,1,1,1,1,1,1,1,1,1,1,1,1,1,1,1,1,1,1,1,1,1,1,1,1,1,1,1,1,.
2651023,1,1/12/2009,1,38.7,170.6,17,16,1,1,1,,,5.3,4.7,3.7,7.5,0,0,0,1.7,0,0,0,0,3.2,4.2,0,32.4,38.7,21.4,7.8,0,0,0,1.2,1.9,8.2,24,0,0,0,0,4.7,1,1,1,1,1,1,1,1,1,1,1,1,1,1,1,1,1,1,1,1,1,1,1,1,1,1,1,1,1,1,1,.
2651023,1,1/11/2009,1,80.5,293.9,7,15,1,1,1,,,0,0,0,0,0,18.2,80.5,0,2.3,7,42.7,0,43.8,0,4.5,8.2,0,0,10.4,2.3,0,0,50,0,3.2,0,3.7,15,2.1,0,,1,1,1,1,1,1,1,1,1,1,1,1,1,1,1,1,1,1,1,1,1,1,1,1,1,1,1,1,1,1,0,..
2651023,1,1/6/2011,1,72.6,275.6,22,10,1,1,1,,,0,0,0,4.6,0,0,12.4,40.8,0,0,0,0,0,0,0,0,0,24.2,2,0,0,72.6,27.2,0,26.8,0,0,0,17,48,,1,1,1,1,1,1,1,1,1,1,1,1,1,1,1,1,1,1,1,1,1,1,1,1,1,1,1,1,1,1,0,..
2651023,1,1/5/2011,1,36.7,74,15,6,1,1,1,,,13,0,0,0,0,0,0,0,0,0,0,0,3,5.2,36.7,12.6,0,0,0,0,0,0,0,0,3.5,0,0,0,0,0,0,1,1,1,1,1,1,1,1,1,1,1,1,1,1,1,1,1,1,1,1,1,1,1,1,1,1,1,1,1,1,1,.
2651023,1,1/4/2011,1,47.4,106.6,18,8,1,1,1,,,8.8,2.1,0,2,0,0,0,0,0,0,0,0,0,0,12.5,1.4,0,47.4,0,0,0,0,28.2,4.2,0,0,0,0,0,0,,1,1,1,1,1,1,1,1,1,1,1,1,1,1,1,1,1,1,1,1,1,1,1,1,1,1,1,1,1,1,0,..
2651023,1,1/2/2011,1,38.8,315.2,13,21,1,1,1,,,0,11,0,0,17.2,38.4,27.6,8.1,23.5,8.8,0,14.8,38.8,2.6,4.8,0.3,0,8.2,12.2,0,7.5,33.2,14.4,2.8,5,19.8,16.2,0,,,,1,1,1,1,1,1,1,1,1,1,1,1,1,1,1,1,1,1,1,1,1,1,1,1,1,1,1,1,0,,,....
2651023,1,1/3/2011,1,54.2,202.2,12,9,1,1,1,,,0,0,0,0,0,0,0,0,0,0,0,54.2,0,0,0,0,0,0,2,0,0,2.2,0,0,4,5,0,31.2,27.2,23.2,53.2,1,1,1,1,1,1,1,1,1,1,1,1,1,1,1,1,1,1,1,1,1,1,1,1,1,1,1,1,1,1,1,.
2651023,1,1/1/2011,1,40.2,304.7,3,21,1,1,1,,,0,0,40.2,0,25,9.2,0,2,17.2,0,11.3,0,0,10.2,0,8.2,10.2,0,9.8,15,7.2,34.5,2.7,0,7.1,7.8,21.4,30.5,21.2,10,4,1,1,1,1,1,1,1,1,1,1,1,1,1,1,1,1,1,1,1,1,1,1,1,1,1,1,1,1,1,1,1,.
2651023,1,1/10/2011,1,53.5,238,30,9,1,1,1,,,0,1.3,0,0,0,0,0,0,46.7,10.5,0,0,43.3,51,0,14.8,0,0,0,0,0,0,0,0,12.5,4.4,0,0,0,53.5,0,1,1,1,1,1,1,1,1,1,1,1,1,1,1,1,1,1,1,1,1,1,1,1,1,1,1,1,1,1,1,1,.
2651023,1,1/8/2011,1,76.3,388.9,19,13,1,1,1,,,73.6,41.2,0,0,0,0,0,1,51.2,1.6,0,0,0,0,0,0,0,4.1,76.3,31.7,0,10.6,42.4,0,0,0,0,0,2.8,27.3,25.1,1,1,1,1,1,1,1,1,1,1,1,1,1,1,1,1,1,1,1,1,1,1,1,1,1,1,1,1,1,1,1,.
2651023,1,1/12/2011,1,26.2,98.9,8,10,1,1,1,,,6.8,0,0,0,0,0,0,26.2,1.1,18.7,0,0,1.7,4.2,0,0,0,0,0,0,0,0,0,5.2,22,7.6,0,0,0,0,5.4,1,1,1,1,1,1,1,1,1,1,1,1,1,1,1,1,1,1,1,1,1,1,1,1,1,1,1,1,1,1,1,.
2651023,1,1/7/2011,1,,,,,0,0,0,,,,,,,,,,,,,,,,,,,,,,,,0.3,0,0,0,0,0,0,0,24,0.7,0,,,,,,,,,,,,,,,,,,,,0,1,1,1,1,1,1,1,1,1,1,........................
2651023,1,1/11/2011,1,35.8,97.1,22,7,1,1,1,,,0,0,0,0,0,0,0.5,0,0,0,0,0,1.6,18.2,31.5,9.1,0,0,0,0,0,35.8,0,0,0,0,0.4,0,0,0,,1,1,1,1,1,1,1,1,1,1,1,1,1,1,1,1,1,1,1,1,1,1,1,1,1,1,1,1,1,1,0,..
2651023,1,1/9/2011,1,60.8,181.7,7,7,1,1,1,,,0,0,0,0,0,9.1,60.8,37.5,52.2,0,0,0,0,0,0,0,0,0,0,4.6,0,0,1.5,16,0,0,0,0,0,0,,1,1,1,1,1,1,1,1,1,1,1,1,1,1,1,1,1,1,1,1,1,1,1,1,1,1,1,1,1,1,0,..
2651023,1,1/1/2012,1,138.9,248.4,14,13,1,1,1,,,7.7,0,0,0,0,12.1,0,0,0,0,0,0.9,13.4,138.9,0,0,0,0,34.4,4,0,9.4,0.7,12.8,5,7.5,0,0,1.6,0,0,1,1,1,1,1,1,1,1,1,1,1,1,1,1,1,1,1,1,1,1,1,1,1,1,1,1,1,1,1,1,1,.
2651023,1,1/2/2012,1,56.8,180.9,22,11,,,,,,1.7,0,0,0,0,0,0,0,0,0,8.7,0,0,0,15.2,0,0,0,0,24.6,4.4,56.8,0,10,6,30.4,0,20.8,2.3,,,1,1,1,1,1,1,1,1,1,1,1,1,1,1,1,1,1,1,1,1,1,1,1,1,1,1,1,1,1,0,,...
2651023,1,1/3/2012,1,16.4,51.9,1,11,,,,,,16.4,10.2,0,0,0,0,0,0,0,0,0.5,1.6,0,0,7.8,1.1,0,0,0,0,0,0.8,1.3,4.2,0,0,7.5,0.5,0,0,0,1,1,1,1,1,1,1,1,1,1,1,1,1,1,1,1,1,1,1,1,1,1,1,1,1,1,1,1,1,1,1,.
2651023,1,1/4/2012,1,95.5,244.8,26,11,,,,,,0,0,0,0,0,12.1,0,0,13,0,36.5,0,0,6.5,26.3,0,1.1,0,0,0.5,5,0,0,0,0,95.5,11.3,0,37,0,,1,1,1,1,1,1,1,1,1,1,1,1,1,1,1,1,1,1,1,1,1,1,1,1,1,1,1,1,1,1,0,..
2651023,1,1/5/2012,1,40.3,90.3,25,5,,,,,,0,0,0,0,0,0,0,0,0,0,0,22.6,0,0,0,0,0,0,0,0,0,0,0,0,40.3,1.7,0,9.9,0,0,15.8,1,1,1,1,1,1,1,1,1,1,1,1,1,1,1,1,1,1,1,1,1,1,1,1,1,1,1,1,1,1,1,.
2651023,1,1/6/2012,1,68.6,238.3,11,9,,,,,,11.5,0,7,40.2,21.4,0,0,0,0,0,68.6,0,0,0,0,0,0,52.2,5.5,3.7,0,28.2,0,0,0,0,0,0,0,0,,1,1,1,1,1,1,1,1,1,1,1,1,1,1,1,1,1,1,1,1,1,1,1,1,1,1,1,1,1,1,0,..
2651023,1,1/7/2012,1,39.2,162.7,30,11,,,,,,0,0,0,0,0,0,12.4,1.2,0,0,2,0,0,0,0,0,20.5,14,0,0,0,0,0,0,3.4,22.4,37.1,0,2.7,39.2,7.8,1,1,1,1,1,1,1,1,1,1,1,1,1,1,1,1,1,1,1,1,1,1,1,1,1,1,1,1,1,1,1,.
2651023,1,1/8/2012,1,1.4,2.4,29,2,,,,,,0,0,0,0,0,0,0,0,0,0,0,0,0,0,0,0,0,0,0,0,0,0,0,0,0,0,0,1,1.4,0,0,1,1,1,1,1,1,1,1,1,1,1,1,1,1,1,1,1,1,1,1,1,1,1,1,1,1,1,1,1,1,1,.
2651023,1,1/9/2012,1,16.6,53,20,7,,,,,,0,0,0,0,0,0,0,0,0,0.8,9.8,0,0,0,0,0,0,0,11.4,16.6,9,1.6,0,0,0,0,0,0,0,3.8,,1,1,1,1,1,1,1,1,1,1,1,1,1,1,1,1,1,1,1,1,1,1,1,1,1,1,1,1,1,1,0,..
2651023,1,1/10/2012,1,72.3,231.9,23,17,,,,,,0,8.5,5.8,19.8,0,0,0,0,0,2.3,5.5,5,0,0,0,0,1.6,0.9,0,13.7,0,1.6,72.3,3.4,0,5.1,45.3,8.3,29.6,0,3.2,1,1,1,1,1,1,1,1,1,1,1,1,1,1,1,1,1,1,1,1,1,1,1,1,1,1,1,1,1,1,1,.
2651023,1,1/11/2012,1,18.5,40.9,6,11,,,,,,2.9,0,3.3,0,0,18.5,0,0,0,0.7,0,1.9,0,0,0,7,0.5,0,0,0,0,0,0,1.7,0,0,1.9,1.2,0,1.3,,1,1,1,1,1,1,1,1,1,1,1,1,1,1,1,1,1,1,1,1,1,1,1,1,1,1,1,1,1,1,0,..
2651023,1,1/12/2012,1,20.6,94.4,28,14,,,,,,0,0,0,0,0,8.6,0,7,0,0,0,16.7,4.2,7.6,3.1,0,0,0,0,10.5,3.5,1.5,0,0,0,0,0.5,20.6,2.6,0.8,7.2,1,1,1,1,1,1,1,1,1,1,1,1,1,1,1,1,1,1,1,1,1,1,1,1,1,1,1,1,1,1,1,.
2651023,1,1/4/2013,1,27.5,70.4,2,6,1,1,1,,,0,27.5,1.6,0,22.8,0,0,0.8,2.3,0,0,0,15.4,0,0,0,0,0,0,0,0,0,0,0,0,0,0,0,0,0,,1,1,1,1,1,1,1,1,1,1,1,1,1,1,1,1,1,1,1,1,1,1,1,1,1,1,1,1,1,1,0,..
2651023,1,1/7/2013,1,70.9,122.1,21,8,1,1,1,,,0,0,0,0,0,0,0,4.6,0.5,0,0,0,0,0,0.9,0,0,0,3,22.8,70.9,8.2,11.2,0,0,0,0,0,0,0,0,1,1,1,1,1,1,1,1,1,1,1,1,1,1,1,1,1,1,1,1,1,1,1,1,1,1,1,1,1,1,1,.
2651023,1,1/6/2013,1,95.8,508.7,21,13,1,1,1,,,0,85,0,0,0,0,0,0,0,0,0,0,0,0,0,15,17.4,0,57.4,34,95.8,35,0,45,38.6,0,1.7,7.8,30.8,45.2,,1,1,1,1,1,1,1,1,1,1,1,1,1,1,1,1,1,1,1,1,1,1,1,1,1,1,1,1,1,1,0,..
2651023,1,1/8/2013,1,41.7,121.5,26,10,1,1,1,,,0,0,1.3,5.4,0,1.5,29.7,0,0,23,5.5,0,0,1.2,0,0,0,0,0,0,0,0,0,1.9,0,41.7,10.3,0,0,0,0,1,1,1,1,1,1,1,1,1,1,1,1,1,1,1,1,1,1,1,1,1,1,1,1,1,1,1,1,1,1,1,.
2651023,1,1/3/2013,1,77.7,265.6,13,15,1,1,1,,,0,0,0,0,0,28.5,0.5,3.9,0,17.1,37,2.1,77.7,0,2.8,9.3,6.2,0,1,6.6,38.9,0,0,0.7,33.3,0,0,0,0,0,0,1,1,1,1,1,1,1,1,1,1,1,1,1,1,1,1,1,1,1,1,1,1,1,1,1,1,1,1,1,1,1,.
2651023,1,1/1/2013,1,57.2,169.3,8,7,1,1,1,,,7.6,20.2,0,0,0,8.7,31.7,57.2,21.2,0,0,0,0,0,0,0,22.7,0,0,0,0,0,0,0,0,0,0,0,0,0,0,1,1,1,1,1,1,1,1,1,1,1,1,1,1,1,1,1,1,1,1,1,1,1,1,1,1,1,1,1,1,1,.
2651023,1,1/2/2013,1,58.2,250.5,8,17,1,1,1,,,0,0,6.1,8.3,0,0,29,58.2,0,9.1,6.4,0.9,12.1,3.7,31.9,4,0.9,8.2,53.7,0,5.9,9.8,0,0,0,2.3,0,0,,,,1,1,1,1,1,1,1,1,1,1,1,1,1,1,1,1,1,1,1,1,1,1,1,1,1,1,1,1,0,,,....
2651023,1,1/5/2013,1,93.2,231.7,16,12,1,1,1,,,0,0,0,0,8.5,2.6,0,0,0,0,0,0,0,6.1,18.7,93.2,0,0,2.4,0,0,2.2,7.9,0,0,0,48,21.7,9.9,10.5,0,1,1,1,1,1,1,1,1,1,1,1,1,1,1,1,1,1,1,1,1,1,1,1,1,1,1,1,1,1,1,1,.
2651023,1,1/7/2014,1,60,99.7,24,4,1,1,1,,,0,0,0,0,0,0,0.7,0,0,0,0,0,0,0,0,0,0,32.5,0,0,0,0,0,60,6.5,0,0,0,0,0,0,1,1,1,1,1,1,1,1,1,1,1,1,1,1,1,1,1,1,1,1,1,1,1,1,1,1,1,1,1,1,1,.
2651023,1,1/8/2014,1,21.8,41.2,26,5,1,1,1,,,1,0,0,0,0,0,0,0,0,0,0,0,11.1,0,0,3.1,4.2,0,0,0,0,0,0,0,0,21.8,0,0,0,0,0,1,1,1,1,1,1,1,1,1,1,1,1,1,1,1,1,1,1,1,1,1,1,1,1,1,1,1,1,1,1,1,.
2651023,1,1/9/2014,1,89.4,350,19,12,1,1,1,,,27.3,0,35,0,0,0,6.3,0,0,0,0,0,0,0,0,0,0,0,89.4,17.4,0,0,0,22,17,6.4,17.7,4.3,42.7,64.5,,1,1,1,1,1,1,1,1,1,1,1,1,1,1,1,1,1,1,1,1,1,1,1,1,1,1,1,1,1,1,0,..
2651023,1,1/2/2014,1,37.8,234.5,21,13,1,1,1,,,0,0,0,5.5,0,32.7,0,0,0,29.8,0,0,0,0,11.3,20.8,0,0,0,0,37.8,2.2,19.3,35.3,3,13.4,19.1,4.3,,,,1,1,1,1,1,1,1,1,1,1,1,1,1,1,1,1,1,1,1,1,1,1,1,1,1,1,1,1,0,,,....
2651023,1,1/1/2014,1,37,152.2,12,17,1,1,1,,,2,11.4,0.8,21.5,23.1,3.1,1.1,0,0,0,0.8,37,13.7,6.7,4.5,3.2,2.7,0,0,0,0,0,0,0,0,11.9,3.7,0,0,5,0,1,1,1,1,1,1,1,1,1,1,1,1,1,1,1,1,1,1,1,1,1,1,1,1,1,1,1,1,1,1,1,.
2651023,1,1/4/2014,1,52,182.6,12,12,1,1,1,,,9.5,0,0,0,0,0,0,0,25.8,15.4,1.5,52,29.6,0,0,0,0,12.2,0,1,0,30.9,0.9,1.9,0,0,0,0,0,1.9,,1,1,1,1,1,1,1,1,1,1,1,1,1,1,1,1,1,1,1,1,1,1,1,1,1,1,1,1,1,1,0,..
2651023,1,1/3/2014,1,58.6,266.3,5,16,1,1,1,,,0,0,0,0,58.6,2.1,0,0,14.4,0,8.7,0,7.5,8.4,5.6,7.3,13.9,2.6,9.3,32.4,38.3,17.7,0,0,0,0,0,0,0,11,28.5,1,1,1,1,1,1,1,1,1,1,1,1,1,1,1,1,1,1,1,1,1,1,1,1,1,1,1,1,1,1,1,.
2651023,1,1/5/2014,1,77.6,157.7,1,8,1,1,1,,,77.6,6.9,0,0,0,0,0,0,1.2,0,0,0,0,0,1.9,0,0,0,0,0,0,6.5,9.5,15.6,0,38.5,0,0,0,0,0,1,1,1,1,1,1,1,1,1,1,1,1,1,1,1,1,1,1,1,1,1,1,1,1,1,1,1,1,1,1,1,.
2651023,1,1/6/2014,1,160.3,577,8,11,1,1,1,,,51.5,0,0,0,0,48.6,42.3,160.3,141,0,0,0,0,16.1,0,0,0,5.2,0,0,0,0,0,0,0,19.6,72,7.7,12.7,0,,1,1,1,1,1,1,1,1,1,1,1,1,1,1,1,1,1,1,1,1,1,1,1,1,1,1,1,1,1,1,0,..
2651023,1,1/10/2014,1,33,54.2,1,4,1,1,1,,,33,0,0,0,0,0,0,0,0,0,0,0,0,0,0,0,0,2.2,0,15.9,0,0,0,0,0,0,0,0,0,0,3.1,1,1,1,1,1,1,1,1,1,1,1,1,1,1,1,1,1,1,1,1,1,1,1,1,1,1,1,1,1,1,1,.
2651023,1,1/11/2014,1,65,163.4,8,9,1,1,1,,,0,0,0,0,0,2,43,65,4.7,0,0,0,0,0,1.8,0,0,0,0,6.5,0,3.4,0,0,0,27,0,10,0,0,,1,1,1,1,1,1,1,1,1,1,1,1,1,1,1,1,1,1,1,1,1,1,1,1,1,1,1,1,1,1,0,..
2651023,1,1/12/2014,1,26.9,112.9,22,14,1,1,1,,,0,0,0,15.5,0,0,0,0,6.6,14.5,4.2,0,14.2,0,0,0,0,0,0,8.3,1.6,26.9,4.1,0,0,0,6.7,1.8,2.1,1,5.4,1,1,1,1,1,1,1,1,1,1,1,1,1,1,1,1,1,1,1,1,1,1,1,1,1,1,1,1,1,1,1,.
2651023,1,1/6/2015,1,62.6,195.6,13,7,1,1,1,,0,0,0,0,0,0,0,0,0,0,0,3.9,5.4,62.6,42.7,27.5,0,0,46.7,0,0,0,0,0,0,0,0,0,0,0,6.8,,1,1,1,1,1,1,1,1,1,1,1,1,1,1,1,1,1,1,1,1,1,1,1,1,1,1,1,1,1,1,,..
2651023,1,1/7/2015,1,56.8,339.5,14,12,1,1,1,,0,0,0,20.2,0,0,0,17.3,38,18.9,13.3,6.3,50.5,0,56.8,26.3,0,37.4,0,0,0,29.4,0,0,25.1,0,0,0,0,0,0,0,1,1,1,1,1,1,1,1,1,1,1,1,1,1,1,1,1,1,1,1,1,1,1,1,1,1,1,1,1,1,1,.
2651023,1,1/8/2015,1,23.6,68,23,5,1,1,1,,0,0,0,0,0,0,0,0,0,0,0,0,0,0,0,0,0,0,8.3,1.3,0,0,0,23.6,13.1,0,0,21.7,0,0,0,0,1,1,1,1,1,1,1,1,1,1,1,1,1,1,1,1,1,1,1,1,1,1,1,1,1,1,1,1,1,1,1,.
2651023,1,1/9/2015,1,58.1,179.4,8,11,1,1,1,,0,0,0,37.6,2.5,0,0,0,58.1,0,4.6,3.3,0,0,0,0,0,1.3,0,0,0,0,0,0,0,18.7,3,43.6,5.7,0,1,,1,1,1,1,1,1,1,1,1,1,1,1,1,1,1,1,1,1,1,1,1,1,1,1,1,1,1,1,1,1,,..
2651023,1,1/10/2015,1,91.1,297.9,9,14,1,1,1,,0,0,1.3,15.8,0,0,0,0,17.8,91.1,59.1,12.2,4.6,17.4,27.5,0,27.9,4.5,0,0,0,10.6,5.8,0,0,0,0,2.3,0,0,0,0,1,1,1,1,1,1,1,1,1,1,1,1,1,1,1,1,1,1,1,1,1,1,1,1,1,1,1,1,1,1,1,.
2651023,1,1/11/2015,1,49,286.9,8,18,1,1,1,,0,8.1,14.9,1.5,9.6,4.6,0,0,49,10.8,0,10.7,0,38.7,1,0,0,9.6,1.6,9.5,18.5,0,0,41.2,2,0,0,24.4,31.2,0,0,,1,1,1,1,1,1,1,1,1,1,1,1,1,1,1,1,1,1,1,1,1,1,1,1,1,1,1,1,1,1,,..
2651023,1,1/12/2015,1,35.7,242.5,3,18,1,1,1,,0,0,16,35.7,34.2,0,0,0,0,2.7,15.9,0,0,6.4,0,12,0,0,0,19.9,6.1,0,0,10.5,8.8,1.2,6.8,33,2.7,3,8.3,19.3,1,1,1,1,1,1,1,1,1,1,1,1,1,1,1,1,1,1,1,1,1,1,1,1,1,1,1,1,1,1,1,.
2651023,1,1/1/2015,1,60.4,312.5,26,17,1,1,1,,0,10.7,40,0,6.7,0,0,0,1.7,6.8,18.3,8.7,0,15.9,0,32.5,16.7,0,4.7,6,1.5,0,0,0,0,0,60.4,23.4,11,47.5,0,0,1,1,1,1,1,1,1,1,1,1,1,1,1,1,1,1,1,1,1,1,1,1,1,1,1,1,1,1,1,1,1,.
2651023,1,1/2/2015,1,36.2,251.4,4,18,1,1,1,,0,0,10.7,6.1,36.2,9.3,0,0,0,3.6,0,9.7,0,32.3,5.2,0,0,0,2.8,35.2,0.8,11,0,18,14.9,22.5,14.3,15.5,3.3,,,,1,1,1,1,1,1,1,1,1,1,1,1,1,1,1,1,1,1,1,1,1,1,1,1,1,1,1,1,,,,....
2651023,1,1/3/2015,1,48.3,150.6,21,9,1,1,1,,0,0,0,0,1.4,15.5,19,0,0,0,0,0,0,0,11.5,0,0,0,0,0,0,48.3,0,0,0,0,0,1.8,16.6,15.5,21,0,1,1,1,1,1,1,1,1,1,1,1,1,1,1,1,1,1,1,1,1,1,1,1,1,1,1,1,1,1,1,1,.
2651023,1,1/4/2015,1,28.1,67,22,6,1,1,1,,0,0,0,0,0,3.7,0,0,0,0,0,0,0,0,4.2,0,0,0,4.2,0,8,18.8,28.1,0,0,0,0,0,0,0,0,,1,1,1,1,1,1,1,1,1,1,1,1,1,1,1,1,1,1,1,1,1,1,1,1,1,1,1,1,1,1,,..
2651023,1,1/5/2015,1,39.9,171.3,27,8,1,1,1,,0,0,0,29.3,1,0,0,0,0,0,24.4,0,0,0,0,0,0,0,0,0,0,0,0,0,29.5,13.7,32.2,39.9,1.3,0,0,0,1,1,1,1,1,1,1,1,1,1,1,1,1,1,1,1,1,1,1,1,1,1,1,1,1,1,1,1,1,1,1,.
